Column1;Column2;Column3;;5;30
0;5;-4,7460938;;;
0;5,00;-4,7460938;;;
0;5,00;-4,7460938;;;
0;5,00;-4,7460938;;;
0;5,00;-4,7460938;;;
0,01;5;-4,7460938;;;
0,01;5;-4,7460938;;;
0,01;5;-4,7460938;;;
0,01;5;-4,7460938;;;
0,01;5;-4,7460938;;;
0,01;5;-4,7460938;;;
0,01;5;-4,7460938;;;
0,02;5;-4,7460938;;;
0,02;5;-4,7460938;;;
0,02;5;-4,7460938;;;
0,02;5;-4,7460938;;;
0,02;5;-4,7460938;;;
0,03;5;-4,7460938;;;
0,03;5;-4,7460938;;;
0,03;5;-4,7460938;;;
0,03;5;-4,7460938;;;
0,03;5;-4,7460938;;;
0,03;5;-4,7460938;;;
0,04;5;-4,7460938;;;
0,04;5;-4,7460938;;;
0,04;5;-4,7460938;;;
0,04;5;-4,7460938;;;
0,05;5;-4,7460938;;;
0,05;5;-4,7460938;;;
0,05;5;-4,7460938;;;
0,05;5;-4,7460938;;;
0,05;5;-4,7460938;;;
0,05;5;-4,6582031;;;
0,06;5;-4,7460938;;;
0,06;5;-4,6582031;;;
0,06;5;-4,7460938;;;
0,06;5;-4,7460938;;;
0,06;5;-4,7460938;;;
0,07;5;-4,7460938;;;
0,07;5;-4,6582031;;;
0,07;5;-4,7460938;;;
0,07;5;-4,7460938;;;
0,07;5;-4,6582031;;;
0,07;5;-4,6582031;;;
0,08;5;-4,7460938;;;
0,08;5;-4,7460938;;;
0,08;5;-4,7460938;;;
0,08;5;-4,6582031;;;
0,08;5;-4,6582031;;;
0,09;5;-4,6582031;;;
0,09;5;-4,7460938;;;
0,09;5;-4,6582031;;;
0,09;5;-4,6582031;;;
0,09;5;-4,6582031;;;
0,1;5;-4,6582031;;;
0,1;5;-4,7460938;;;
0,1;5;-4,6582031;;;
0,1;5;-4,6582031;;;
0,1;5;-4,6582031;;;
0,1;5;-4,6582031;;;
0,11;5;-4,6582031;;;
0,11;5;-4,6582031;;;
0,11;5;-4,6582031;;;
0,11;5;-4,6582031;;;
0,11;5;-4,6582031;;;
0,12;5;-4,6582031;;;
0,12;5;-4,6582031;;;
0,12;5;-4,6582031;;;
0,12;5;-4,6582031;;;
0,12;5;-4,6582031;;;
0,12;5;-4,6582031;;;
0,13;5;-4,6582031;;;
0,13;5;-4,6582031;;;
0,13;5;-4,6582031;;;
0,13;5;-4,6582031;;;
0,13;5;-4,6582031;;;
0,14;5;-4,6582031;;;
0,14;5;-4,6582031;;;
0,14;5;-4,6582031;;;
0,14;5;-4,6582031;;;
0,14;5;-4,6582031;;;
0,15;5;-4,6582031;;;
0,15;5;-4,6582031;;;
0,15;5;-4,6582031;;;
0,15;5;-4,6582031;;;
0,15;5;-4,6582031;;;
0,15;5;-4,6582031;;;
0,16;5;-4,6582031;;;
0,16;5;-4,6582031;;;
0,16;5;-4,6582031;;;
0,16;5;-4,6582031;;;
0,16;5;-4,6582031;;;
0,17;5;-4,6582031;;;
0,17;5;-4,6582031;;;
0,17;5;-4,6582031;;;
0,17;5;-4,6582031;;;
0,17;5;-4,6582031;;;
0,18;5;-4,6582031;;;
0,18;5;-4,6582031;;;
0,18;5;-4,6582031;;;
0,18;5;-4,6582031;;;
0,18;5;-4,6582031;;;
0,19;5;-4,6582031;;;
0,19;5;-4,6582031;;;
0,19;5;-4,6582031;;;
0,19;5;-4,6582031;;;
0,19;5;-4,6582031;;;
0,19;5;-4,6582031;;;
0,2;5;-4,6582031;;;
0,2;5;-4,6582031;;;
0,2;5;-4,6582031;;;
0,2;5;-4,6582031;;;
0,2;5;-4,6582031;;;
0,2;5;-4,6582031;;;
0,21;5;-4,5703125;;;
0,21;5;-4,5703125;;;
0,21;5;-4,5703125;;;
0,21;5;-4,5703125;;;
0,22;5;-4,5703125;;;
0,22;5;-4,5703125;;;
0,22;5;-4,5703125;;;
0,22;5;-4,5703125;;;
0,22;5;-4,5703125;;;
0,22;5;-4,5703125;;;
0,23;5;-4,5703125;;;
0,23;5;-4,5703125;;;
0,23;5;-4,5703125;;;
0,23;5;-4,5703125;;;
0,23;5;-4,5703125;;;
0,23;5;-4,5703125;;;
0,24;5;-4,5703125;;;
0,24;5;-4,5703125;;;
0,24;5;-4,5703125;;;
0,24;5;-4,5703125;;;
0,24;5;-4,5703125;;;
0,25;5;-4,5703125;;;
0,25;5;-4,5703125;;;
0,25;5;-4,5703125;;;
0,25;5;-4,5703125;;;
0,25;5;-4,5703125;;;
0,26;5;-4,5703125;;;
0,26;5;-4,5703125;;;
0,26;5;-4,5703125;;;
0,26;5;-4,5703125;;;
0,26;5;-4,5703125;;;
0,27;5;-4,5703125;;;
0,27;5;-4,5703125;;;
0,27;5;-4,5703125;;;
0,27;5;-4,5703125;;;
0,27;5;-4,5703125;;;
0,27;5;-4,5703125;;;
0,28;5;-4,5703125;;;
0,28;5;-4,5703125;;;
0,28;5;-4,5703125;;;
0,28;5;-4,5703125;;;
0,28;5;-4,5703125;;;
0,29;5;-4,5703125;;;
0,29;5;-4,5703125;;;
0,29;5;-4,5703125;;;
0,29;5;-4,5703125;;;
0,29;5;-4,5703125;;;
0,29;5;-4,5703125;;;
0,3;5;-4,5703125;;;
0,3;5;-4,5703125;;;
0,3;5;-4,5703125;;;
0,3;5;-4,5703125;;;
0,3;5;-4,5703125;;;
0,31;5;-4,5703125;;;
0,31;5;-4,5703125;;;
0,31;5;-4,5703125;;;
0,31;5;-4,5703125;;;
0,31;5;-4,5703125;;;
0,32;5;-4,5703125;;;
0,32;5;-4,5703125;;;
0,32;5;-4,5703125;;;
0,32;5;-4,5703125;;;
0,32;5;-4,5703125;;;
0,32;5;-4,5703125;;;
0,33;5;-4,5703125;;;
0,33;5;-4,5703125;;;
0,33;5;-4,5703125;;;
0,33;5;-4,5703125;;;
0,33;5;-4,5703125;;;
0,34;5;-4,5703125;;;
0,34;5;-4,5703125;;;
0,34;5;-4,5703125;;;
0,34;5;-4,5703125;;;
0,34;5;-4,5703125;;;
0,35;5;-4,5703125;;;
0,35;5;-4,5703125;;;
0,35;5;-4,5703125;;;
0,35;5;-4,4824219;;;
0,35;5;-4,5703125;;;
0,35;5;-4,5703125;;;
0,36;5;-4,5703125;;;
0,36;5;-4,5703125;;;
0,36;5;-4,5703125;;;
0,36;5;-4,5703125;;;
0,36;5;-4,5703125;;;
0,37;5;-4,4824219;;;
0,37;5;-4,5703125;;;
0,37;5;-4,5703125;;;
0,37;5;-4,4824219;;;
0,37;5;-4,4824219;;;
0,37;5;-4,5703125;;;
0,38;5;-4,5703125;;;
0,38;5;-4,4824219;;;
0,38;5;-4,5703125;;;
0,38;5;-4,4824219;;;
0,38;5;-4,5703125;;;
0,39;5;-4,4824219;;;
0,39;5;-4,4824219;;;
0,39;5;-4,4824219;;;
0,39;5;-4,4824219;;;
0,4;5;-4,5703125;;;
0,4;5;-4,4824219;;;
0,4;5;-4,5703125;;;
0,4;5;-4,4824219;;;
0,4;5;-4,5703125;;;
0,4;5;-4,4824219;;;
0,4;5;-4,4824219;;;
0,41;5;-4,4824219;;;
0,41;5;-4,4824219;;;
0,41;5;-4,4824219;;;
0,41;5;-4,4824219;;;
0,41;5;-4,4824219;;;
0,42;5;-4,5703125;;;
0,42;5;-4,4824219;;;
0,42;5;-4,5703125;;;
0,42;5;-4,5703125;;;
0,42;5;-4,4824219;;;
0,43;5;-4,5703125;;;
0,43;5;-4,5703125;;;
0,43;5;-4,4824219;;;
0,43;5;-4,5703125;;;
0,43;5;-4,4824219;;;
0,44;5;-4,4824219;;;
0,44;5;-4,4824219;;;
0,44;5;-4,4824219;;;
0,44;5;-4,4824219;;;
0,44;5;-4,5703125;;;
0,45;5;-4,4824219;;;
0,45;5;-4,4824219;;;
0,45;5;-4,4824219;;;
0,45;5;-4,4824219;;;
0,45;5;-4,4824219;;;
0,45;5;-4,4824219;;;
0,46;5;-4,4824219;;;
0,46;5;-4,5703125;;;
0,46;5;-4,4824219;;;
0,46;5;-4,4824219;;;
0,46;5;-4,4824219;;;
0,46;5;-4,4824219;;;
0,47;5;-4,4824219;;;
0,47;5;-4,4824219;;;
0,47;5;-4,4824219;;;
0,47;5;-4,5703125;;;
0,47;5;-4,5703125;;;
0,48;5;-4,4824219;;;
0,48;5;-4,5703125;;;
0,48;5;-4,4824219;;;
0,48;5;-4,4824219;;;
0,48;5;-4,4824219;;;
0,49;5;-4,4824219;;;
0,49;5;-4,5703125;;;
0,49;5;-4,4824219;;;
0,49;5;-4,4824219;;;
0,49;5;-4,4824219;;;
0,5;5;-4,4824219;;;
0,5;5;-4,4824219;;;
0,5;5;-4,4824219;;;
0,5;5;-4,4824219;;;
0,5;5;-4,4824219;;;
0,5;5;-4,4824219;;;
0,51;5;-4,4824219;;;
0,51;5;-4,4824219;;;
0,51;5;-4,4824219;;;
0,51;5;-4,4824219;;;
0,51;5;-4,4824219;;;
0,52;5;-4,4824219;;;
0,52;5;-4,4824219;;;
0,52;5;-4,4824219;;;
0,52;5;-4,4824219;;;
0,52;5;-4,4824219;;;
0,52;5;-4,4824219;;;
0,53;5;-4,4824219;;;
0,53;5;-4,4824219;;;
0,53;5;-4,4824219;;;
0,53;5;-4,4824219;;;
0,53;5;-4,4824219;;;
0,54;5;-4,4824219;;;
0,54;5;-4,4824219;;;
0,54;5;-4,4824219;;;
0,54;5;-4,4824219;;;
0,54;5;-4,4824219;;;
0,55;5;-4,4824219;;;
0,55;5;-4,4824219;;;
0,55;5;-4,4824219;;;
0,55;5;-4,4824219;;;
0,55;5;-4,4824219;;;
0,56;5;-4,4824219;;;
0,56;5;-4,4824219;;;
0,56;5;-4,4824219;;;
0,56;5;-4,4824219;;;
0,56;5;-4,4824219;;;
0,56;5;-4,4824219;;;
0,57;5;-4,4824219;;;
0,57;5;-4,4824219;;;
0,57;5;-4,4824219;;;
0,57;5;-4,4824219;;;
0,57;5;-4,4824219;;;
0,58;5;-4,4824219;;;
0,58;5;-4,4824219;;;
0,58;5;-4,4824219;;;
0,58;5;-4,4824219;;;
0,58;5;-4,4824219;;;
0,58;5;-4,4824219;;;
0,59;5;-4,4824219;;;
0,59;5;-4,4824219;;;
0,59;5;-4,4824219;;;
0,59;5;-4,4824219;;;
0,59;5;-4,4824219;;;
0,6;5;-4,4824219;;;
0,6;5;-4,4824219;;;
0,6;5;-4,4824219;;;
0,6;5;-4,4824219;;;
0,6;5;-4,4824219;;;
0,61;5;-4,4824219;;;
0,61;5;-4,4824219;;;
0,61;5;-4,4824219;;;
0,61;5;-4,4824219;;;
0,61;5;-4,4824219;;;
0,61;5;-4,4824219;;;
0,62;5;-4,4824219;;;
0,62;5;-4,4824219;;;
0,62;5;-4,4824219;;;
0,62;5;-4,4824219;;;
0,62;5;-4,4824219;;;
0,63;5;-4,4824219;;;
0,63;5;-4,4824219;;;
0,63;5;-4,4824219;;;
0,63;5;-4,4824219;;;
0,63;5;-4,4824219;;;
0,63;5;-4,4824219;;;
0,64;5;-4,4824219;;;
0,64;5;-4,4824219;;;
0,64;5;-4,4824219;;;
0,64;5;-4,4824219;;;
0,65;5;-4,4824219;;;
0,65;5;-4,4824219;;;
0,65;5;-4,4824219;;;
0,65;5;-4,4824219;;;
0,65;5;-4,4824219;;;
0,65;5;-4,4824219;;;
0,66;5;-4,4824219;;;
0,66;5;-4,4824219;;;
0,66;5;-4,4824219;;;
0,66;5;-4,4824219;;;
0,66;5;-4,4824219;;;
0,67;5;-4,4824219;;;
0,67;5;-4,4824219;;;
0,67;5;-4,4824219;;;
0,67;5;-4,4824219;;;
0,67;5;-4,4824219;;;
0,67;5;-4,4824219;;;
0,68;5;-4,4824219;;;
0,68;5;-4,4824219;;;
0,68;5;-4,4824219;;;
0,68;5;-4,4824219;;;
0,69;5;-4,4824219;;;
0,69;5;-4,4824219;;;
0,69;5;-4,4824219;;;
0,69;5;-4,4824219;;;
0,69;5;-4,4824219;;;
0,69;5;-4,4824219;;;
0,7;5;-4,4824219;;;
0,7;5;-4,4824219;;;
0,7;5;-4,4824219;;;
0,7;5;-4,4824219;;;
0,7;5;-4,4824219;;;
0,7;5;-4,4824219;;;
0,71;5;-4,4824219;;;
0,71;5;-4,4824219;;;
0,71;5;-4,4824219;;;
0,71;5;-4,4824219;;;
0,71;5;-4,4824219;;;
0,72;5;-4,4824219;;;
0,72;5;-4,4824219;;;
0,72;5;-4,4824219;;;
0,72;5;-4,4824219;;;
0,72;5;-4,4824219;;;
0,73;5;-4,4824219;;;
0,73;5;-4,4824219;;;
0,73;5;-4,4824219;;;
0,73;5;-4,4824219;;;
0,73;5;-4,4824219;;;
0,74;5;-4,4824219;;;
0,74;5;-4,4824219;;;
0,74;5;-4,4824219;;;
0,74;5;-4,4824219;;;
0,74;5;-4,4824219;;;
0,74;5;-4,4824219;;;
0,75;5;-4,4824219;;;
0,75;5;-4,4824219;;;
0,75;5;-4,4824219;;;
0,75;5;-4,4824219;;;
0,75;5;-4,4824219;;;
0,75;5;-4,4824219;;;
0,76;5;-4,4824219;;;
0,76;5;-4,4824219;;;
0,76;5;-4,4824219;;;
0,76;5;-4,4824219;;;
0,76;5;-4,4824219;;;
0,77;5;-4,4824219;;;
0,77;5;-4,4824219;;;
0,77;5;-4,4824219;;;
0,77;5;-4,4824219;;;
0,77;5;-4,4824219;;;
0,78;5;-4,4824219;;;
0,78;5;-4,4824219;;;
0,78;5;-4,4824219;;;
0,78;5;-4,4824219;;;
0,78;5;-4,4824219;;;
0,79;5;-4,4824219;;;
0,79;5;-4,4824219;;;
0,79;5;-4,4824219;;;
0,79;5;-4,4824219;;;
0,79;5;-4,4824219;;;
0,79;5;-4,4824219;;;
0,8;5;-4,4824219;;;
0,8;5;-4,4824219;;;
0,8;5;-4,4824219;;;
0,8;5;-4,4824219;;;
0,8;5;-4,4824219;;;
0,81;5;-4,4824219;;;
0,81;5;-4,4824219;;;
0,81;5;-4,4824219;;;
0,81;5;-4,4824219;;;
0,81;5;-4,4824219;;;
0,81;5;-4,4824219;;;
0,82;5;-4,4824219;;;
0,82;5;-4,4824219;;;
0,82;5;-4,4824219;;;
0,82;5;-4,4824219;;;
0,83;5;-4,4824219;;;
0,83;5;-4,4824219;;;
0,83;5;-4,4824219;;;
0,83;5;-4,4824219;;;
0,83;5;-4,4824219;;;
0,83;5;-4,4824219;;;
0,83;5;-4,4824219;;;
0,84;5;-4,4824219;;;
0,84;5;-4,4824219;;;
0,84;5;-4,4824219;;;
0,84;5;-4,4824219;;;
0,85;5;-4,4824219;;;
0,85;5;-4,4824219;;;
0,85;5;-4,4824219;;;
0,85;5;-4,4824219;;;
0,85;5;-4,4824219;;;
0,86;5;-4,4824219;;;
0,86;5;-4,4824219;;;
0,86;5;-4,4824219;;;
0,86;5;-4,4824219;;;
0,86;5;-4,4824219;;;
0,86;5;-4,4824219;;;
0,87;5;-4,4824219;;;
0,87;5;-4,4824219;;;
0,87;5;-4,4824219;;;
0,87;5;-4,4824219;;;
0,87;5;-4,4824219;;;
0,88;5;-4,4824219;;;
0,88;5;-4,4824219;;;
0,88;5;-4,4824219;;;
0,88;5;-4,4824219;;;
0,88;5;-4,4824219;;;
0,88;5;-4,4824219;;;
0,89;5;-4,4824219;;;
0,89;5;-4,4824219;;;
0,89;5;-4,4824219;;;
0,89;5;-4,4824219;;;
0,89;5;-4,4824219;;;
0,9;5;-4,4824219;;;
0,9;5;-4,4824219;;;
0,9;5;-4,4824219;;;
0,9;5;-4,4824219;;;
0,9;5;-4,4824219;;;
0,9;5;-4,4824219;;;
0,91;5;-4,4824219;;;
0,91;5;-4,4824219;;;
0,91;5;-4,4824219;;;
0,91;5;-4,4824219;;;
0,91;5;-4,4824219;;;
0,92;5;-4,4824219;;;
0,92;5;-4,4824219;;;
0,92;5;-4,4824219;;;
0,92;5;-4,4824219;;;
0,92;5;-4,4824219;;;
0,93;5;-4,4824219;;;
0,93;5;-4,4824219;;;
0,93;5;-4,4824219;;;
0,93;5;-4,4824219;;;
0,93;5;-4,4824219;;;
0,93;5;-4,4824219;;;
0,94;5;-4,4824219;;;
0,94;5;-4,4824219;;;
0,94;5;-4,4824219;;;
0,94;5;-4,4824219;;;
0,94;5;-4,4824219;;;
0,95;5;-4,4824219;;;
0,95;5;-4,4824219;;;
0,95;5;-4,4824219;;;
0,95;5;-4,4824219;;;
0,95;5;-4,4824219;;;
0,95;5;-4,4824219;;;
0,96;5;-4,4824219;;;
0,96;5;-4,4824219;;;
0,96;5;-4,4824219;;;
0,96;5;-4,4824219;;;
0,96;5;-4,4824219;;;
0,97;5;-4,4824219;;;
0,97;5;-4,4824219;;;
0,97;5;-4,4824219;;;
0,97;5;-4,4824219;;;
0,97;5;-4,4824219;;;
0,98;5;-4,4824219;;;
0,98;5;-4,4824219;;;
0,98;5;-4,4824219;;;
0,98;5;-4,4824219;;;
0,98;5;-4,4824219;;;
0,99;5;-4,4824219;;;
0,99;5;-4,4824219;;;
0,99;5;-4,4824219;;;
0,99;5;-4,4824219;;;
0,99;5;-4,4824219;;;
1;5;-4,4824219;;;
1;5;-4,4824219;;;
1;5;-4,4824219;;;
1;5;-4,4824219;;;
1;5;-4,4824219;;;
1;5;-4,4824219;;;
1,01;5;-4,4824219;;;
1,01;5;-4,4824219;;;
1,01;5;-4,4824219;;;
1,01;5;-4,4824219;;;
1,01;5;-4,4824219;;;
1,01;5;-4,4824219;;;
1,02;5;-4,4824219;;;
1,02;5;-4,4824219;;;
1,02;5;-4,4824219;;;
1,02;5;-4,4824219;;;
1,02;5;-4,4824219;;;
1,03;5;-4,4824219;;;
1,03;5;-4,4824219;;;
1,03;5;-4,4824219;;;
1,03;5;-4,4824219;;;
1,03;5;-4,4824219;;;
1,04;5;-4,4824219;;;
1,04;5;-4,4824219;;;
1,04;5;-4,4824219;;;
1,04;5;-4,4824219;;;
1,04;5;-4,4824219;;;
1,04;5;-4,4824219;;;
1,05;5;-4,4824219;;;
1,05;5;-4,4824219;;;
1,05;5;-4,4824219;;;
1,05;5;-4,4824219;;;
1,05;5;-4,4824219;;;
1,06;5;-4,4824219;;;
1,06;5;-4,4824219;;;
1,06;5;-4,4824219;;;
1,06;5;-4,4824219;;;
1,06;5;-4,4824219;;;
1,07;5;-4,4824219;;;
1,07;5;-4,4824219;;;
1,07;5;-4,4824219;;;
1,07;5;-4,4824219;;;
1,07;5;-4,4824219;;;
1,08;5;-4,4824219;;;
1,08;5;-4,4824219;;;
1,08;5;-4,4824219;;;
1,08;5;-4,4824219;;;
1,08;5;-4,4824219;;;
1,08;5;-4,4824219;;;
1,09;5;-4,4824219;;;
1,09;5;-4,4824219;;;
1,09;5;-4,4824219;;;
1,09;5;-4,4824219;;;
1,09;5;-4,4824219;;;
1,1;5;-4,4824219;;;
1,1;5;-4,4824219;;;
1,1;5;-4,4824219;;;
1,1;5;-4,4824219;;;
1,1;5;-4,4824219;;;
1,1;5;-4,4824219;;;
1,11;5;-4,4824219;;;
1,11;5;-4,4824219;;;
1,11;5;-4,4824219;;;
1,11;5;-4,4824219;;;
1,12;5;-4,4824219;;;
1,12;5;-4,4824219;;;
1,12;5;-4,4824219;;;
1,12;5;-4,4824219;;;
1,12;5;-4,4824219;;;
1,12;5;-4,4824219;;;
1,13;5;-4,4824219;;;
1,13;5;-4,4824219;;;
1,13;5;-4,4824219;;;
1,13;5;-4,4824219;;;
1,13;5;-4,4824219;;;
1,13;5;-4,4824219;;;
1,14;5;-4,4824219;;;
1,14;5;-4,4824219;;;
1,14;5;-4,4824219;;;
1,14;5;-4,4824219;;;
1,14;5;-4,4824219;;;
1,15;5;-4,4824219;;;
1,15;5;-4,4824219;;;
1,15;5;-4,4824219;;;
1,15;5;-4,4824219;;;
1,15;5;-4,4824219;;;
1,16;5;-4,4824219;;;
1,16;5;-4,4824219;;;
1,16;5;-4,4824219;;;
1,16;5;-4,4824219;;;
1,16;5;-4,4824219;;;
1,16;5;-4,4824219;;;
1,17;5;-4,4824219;;;
1,17;5;-4,4824219;;;
1,17;5;-4,4824219;;;
1,17;5;-4,4824219;;;
1,17;5;-4,4824219;;;
1,18;5;-4,4824219;;;
1,18;5;-4,4824219;;;
1,18;5;-4,4824219;;;
1,18;5;-4,4824219;;;
1,18;5;-4,4824219;;;
1,18;5;-4,4824219;;;
1,19;5;-4,4824219;;;
1,19;5;-4,4824219;;;
1,19;5;-4,4824219;;;
1,19;5;-4,4824219;;;
1,2;5;-4,4824219;;;
1,2;5;-4,4824219;;;
1,2;5;-4,4824219;;;
1,2;5;-4,4824219;;;
1,2;5;-4,4824219;;;
1,2;5;-4,4824219;;;
1,21;5;-4,4824219;;;
1,21;5;-4,4824219;;;
1,21;5;-4,4824219;;;
1,21;5;-4,4824219;;;
1,21;5;-4,4824219;;;
1,22;5;-4,4824219;;;
1,22;5;-4,4824219;;;
1,22;5;-4,4824219;;;
1,22;5;-4,4824219;;;
1,22;5;-4,4824219;;;
1,22;5;-4,4824219;;;
1,23;5;-4,4824219;;;
1,23;5;-4,4824219;;;
1,23;5;-4,4824219;;;
1,23;5;-4,4824219;;;
1,23;5;-4,4824219;;;
1,24;5;-4,4824219;;;
1,24;5;-4,4824219;;;
1,24;5;-4,4824219;;;
1,24;5;-4,4824219;;;
1,24;5;-4,4824219;;;
1,25;5;-4,4824219;;;
1,25;5;-4,4824219;;;
1,25;5;-4,4824219;;;
1,25;5;-4,4824219;;;
1,25;5;-4,4824219;;;
1,25;5;-4,4824219;;;
1,26;5;-4,4824219;;;
1,26;5;-4,4824219;;;
1,26;5;-4,4824219;;;
1,26;5;-4,4824219;;;
1,26;5;-4,4824219;;;
1,27;5;-4,4824219;;;
1,27;5;-4,4824219;;;
1,27;5;-4,4824219;;;
1,27;5;-4,4824219;;;
1,27;5;-4,4824219;;;
1,27;5;-4,4824219;;;
1,28;5;-4,4824219;;;
1,28;5;-4,4824219;;;
1,28;5;-4,4824219;;;
1,28;5;-4,4824219;;;
1,28;5;-4,4824219;;;
1,29;5;-4,4824219;;;
1,29;5;-4,4824219;;;
1,29;5;-4,4824219;;;
1,29;5;-4,4824219;;;
1,29;5;-4,4824219;;;
1,3;5;-4,4824219;;;
1,3;5;-4,4824219;;;
1,3;5;-4,4824219;;;
1,3;5;-4,4824219;;;
1,3;5;-4,4824219;;;
1,3;5;-4,4824219;;;
1,31;5;-4,4824219;;;
1,31;5;-4,4824219;;;
1,31;5;-4,4824219;;;
1,31;5;-4,4824219;;;
1,31;5;-4,4824219;;;
1,32;5;-4,4824219;;;
1,32;5;-4,4824219;;;
1,32;5;-4,4824219;;;
1,32;5;-4,4824219;;;
1,32;5;-4,4824219;;;
1,33;5;-4,4824219;;;
1,33;5;-4,4824219;;;
1,33;5;-4,4824219;;;
1,33;5;-4,4824219;;;
1,33;5;-4,4824219;;;
1,34;5;-4,4824219;;;
1,34;5;-4,4824219;;;
1,34;5;-4,4824219;;;
1,34;5;-4,4824219;;;
1,34;5;-4,4824219;;;
1,34;5;-4,4824219;;;
1,35;5;-4,4824219;;;
1,35;5;-4,4824219;;;
1,35;5;-4,4824219;;;
1,35;5;-4,4824219;;;
1,35;5;-4,4824219;;;
1,36;5;-4,4824219;;;
1,36;5;-4,4824219;;;
1,36;5;-4,4824219;;;
1,36;5;-4,4824219;;;
1,36;5;-4,4824219;;;
1,36;5;-4,4824219;;;
1,37;5;-4,4824219;;;
1,37;5;-4,4824219;;;
1,37;5;-4,4824219;;;
1,37;5;-4,4824219;;;
1,37;5;-4,4824219;;;
1,38;5;-4,4824219;;;
1,38;5;-4,4824219;;;
1,38;5;-4,4824219;;;
1,38;5;-4,4824219;;;
1,38;5;-4,4824219;;;
1,38;5;-4,4824219;;;
1,39;5;-4,4824219;;;
1,39;5;-4,4824219;;;
1,39;5;-4,4824219;;;
1,39;5;-4,4824219;;;
1,39;5;-4,4824219;;;
1,4;5;-4,4824219;;;
1,4;5;-4,4824219;;;
1,4;5;-4,4824219;;;
1,4;5;-4,4824219;;;
1,4;5;-4,4824219;;;
1,4;5;-4,4824219;;;
1,41;5;-4,4824219;;;
1,41;5;-4,4824219;;;
1,41;5;-4,4824219;;;
1,41;5;-4,4824219;;;
1,42;5;-4,4824219;;;
1,42;5;-4,4824219;;;
1,42;5;-4,4824219;;;
1,42;5;-4,4824219;;;
1,42;5;-4,4824219;;;
1,42;5;-4,4824219;;;
1,43;5;-4,4824219;;;
1,43;5;-4,4824219;;;
1,43;5;-4,4824219;;;
1,43;5;-4,4824219;;;
1,43;5;-4,4824219;;;
1,44;5;-4,4824219;;;
1,44;5;-4,4824219;;;
1,44;5;-4,4824219;;;
1,44;5;-4,4824219;;;
1,44;5;-4,4824219;;;
1,45;5;-4,4824219;;;
1,45;5;-4,4824219;;;
1,45;5;-4,4824219;;;
1,45;5;-4,4824219;;;
1,45;5;-4,4824219;;;
1,46;5;-4,4824219;;;
1,46;5;-4,4824219;;;
1,46;5;-4,4824219;;;
1,46;5;-4,4824219;;;
1,46;5;-4,4824219;;;
1,46;5;-4,4824219;;;
1,47;5;-4,4824219;;;
1,47;5;-4,4824219;;;
1,47;5;-4,4824219;;;
1,47;5;-4,4824219;;;
1,47;5;-4,4824219;;;
1,48;5;-4,4824219;;;
1,48;5;-4,4824219;;;
1,48;5;-4,4824219;;;
1,48;5;-4,4824219;;;
1,48;5;-4,4824219;;;
1,48;5;-4,4824219;;;
1,49;5;-4,4824219;;;
1,49;5;-4,4824219;;;
1,49;5;-4,4824219;;;
1,49;5;-4,4824219;;;
1,49;5;-4,4824219;;;
1,5;5;-4,4824219;;;
1,5;5;-4,4824219;;;
1,5;5;-4,4824219;;;
1,5;5;-4,4824219;;;
1,5;5;-4,4824219;;;
1,5;5;-4,4824219;;;
1,51;5;-4,4824219;;;
1,51;5;-4,4824219;;;
1,51;5;-4,4824219;;;
1,51;5;-4,4824219;;;
1,51;5;-4,4824219;;;
1,52;5;-4,4824219;;;
1,52;5;-4,4824219;;;
1,52;5;-4,4824219;;;
1,52;5;-4,4824219;;;
1,52;5;-4,4824219;;;
1,52;5;-4,4824219;;;
1,53;5;-4,4824219;;;
1,53;5;-4,4824219;;;
1,53;5;-4,4824219;;;
1,53;5;-4,4824219;;;
1,53;5;-4,4824219;;;
1,54;5;-4,4824219;;;
1,54;5;-4,4824219;;;
1,54;5;-4,4824219;;;
1,54;5;-4,4824219;;;
1,54;5;-4,4824219;;;
1,55;5;-4,4824219;;;
1,55;5;-4,4824219;;;
1,55;5;-4,4824219;;;
1,55;5;-4,4824219;;;
1,55;5;-4,4824219;;;
1,56;5;-4,4824219;;;
1,56;5;-4,4824219;;;
1,56;5;-4,4824219;;;
1,56;5;-4,4824219;;;
1,56;5;-4,4824219;;;
1,57;5;-4,4824219;;;
1,57;5;-4,4824219;;;
1,57;5;-4,4824219;;;
1,57;5;-4,4824219;;;
1,57;5;-4,4824219;;;
1,57;5;-4,4824219;;;
1,58;5;-4,4824219;;;
1,58;5;-4,4824219;;;
1,58;5;-4,4824219;;;
1,58;5;-4,4824219;;;
1,58;5;-4,4824219;;;
1,59;5;-4,4824219;;;
1,59;5;-4,4824219;;;
1,59;5;-4,4824219;;;
1,59;5;-4,4824219;;;
1,59;5;-4,4824219;;;
1,6;5;-4,4824219;;;
1,6;5;-4,4824219;;;
1,6;5;-4,4824219;;;
1,6;5;-4,4824219;;;
1,6;5;-4,4824219;;;
1,6;5;-4,4824219;;;
1,61;5;-4,4824219;;;
1,61;5;-4,4824219;;;
1,61;5;-4,4824219;;;
1,61;5;-4,4824219;;;
1,61;5;-4,4824219;;;
1,61;5;-4,4824219;;;
1,62;5;-4,4824219;;;
1,62;5;-4,4824219;;;
1,62;5;-4,4824219;;;
1,62;5;-4,4824219;;;
1,63;5;-4,4824219;;;
1,63;5;-4,4824219;;;
1,63;5;-4,4824219;;;
1,63;5;-4,4824219;;;
1,63;5;-4,4824219;;;
1,63;5;-4,4824219;;;
1,64;5;-4,4824219;;;
1,64;5;-4,4824219;;;
1,64;5;-4,4824219;;;
1,64;5;-4,4824219;;;
1,64;5;-4,4824219;;;
1,65;5;-4,4824219;;;
1,65;5;-4,4824219;;;
1,65;5;-4,4824219;;;
1,65;5;-4,4824219;;;
1,65;5;-4,4824219;;;
1,65;5;-4,4824219;;;
1,66;5;-4,4824219;;;
1,66;5;-4,4824219;;;
1,66;5;-4,4824219;;;
1,66;5;-4,4824219;;;
1,66;5;-4,4824219;;;
1,67;5;-4,4824219;;;
1,67;5;-4,4824219;;;
1,67;5;-4,4824219;;;
1,67;5;-4,4824219;;;
1,67;5;-4,4824219;;;
1,67;5;-4,4824219;;;
1,68;5;-4,4824219;;;
1,68;5;-4,4824219;;;
1,68;5;-4,4824219;;;
1,68;5;-4,4824219;;;
1,68;5;-4,4824219;;;
1,69;5;-4,4824219;;;
1,69;5;-4,4824219;;;
1,69;5;-4,4824219;;;
1,69;5;-4,4824219;;;
1,69;5;-4,4824219;;;
1,7;5;-4,4824219;;;
1,7;5;-4,4824219;;;
1,7;5;-4,4824219;;;
1,7;5;-4,4824219;;;
1,7;5;-4,4824219;;;
1,71;5;-4,4824219;;;
1,71;5;-4,4824219;;;
1,71;5;-4,4824219;;;
1,71;5;-4,4824219;;;
1,71;5;-4,4824219;;;
1,72;5;-4,4824219;;;
1,72;5;-4,4824219;;;
1,72;5;-4,4824219;;;
1,72;5;-4,4824219;;;
1,72;5;-4,4824219;;;
1,72;5;-4,4824219;;;
1,73;5;-4,4824219;;;
1,73;5;-4,4824219;;;
1,73;5;-4,4824219;;;
1,73;5;-4,4824219;;;
1,73;5;-4,4824219;;;
1,74;5;-4,4824219;;;
1,74;5;-4,4824219;;;
1,74;5;-4,4824219;;;
1,74;5;-4,4824219;;;
1,74;5;-4,4824219;;;
1,74;5;-4,4824219;;;
1,75;5;-4,4824219;;;
1,75;5;-4,4824219;;;
1,75;5;-4,4824219;;;
1,75;5;-4,4824219;;;
1,75;5;-4,4824219;;;
1,76;5;-4,4824219;;;
1,76;5;-4,4824219;;;
1,76;5;-4,4824219;;;
1,76;5;-4,4824219;;;
1,76;5;-4,4824219;;;
1,76;5;-4,4824219;;;
1,77;5;-4,4824219;;;
1,77;5;-4,4824219;;;
1,77;5;-4,4824219;;;
1,77;5;-4,4824219;;;
1,77;5;-4,4824219;;;
1,78;5;-4,4824219;;;
1,78;5;-4,4824219;;;
1,78;5;-4,4824219;;;
1,78;5;-4,4824219;;;
1,78;5;-4,4824219;;;
1,78;5;-4,4824219;;;
1,79;5;-4,4824219;;;
1,79;5;-4,4824219;;;
1,79;5;-4,4824219;;;
1,79;5;-4,4824219;;;
1,79;5;-4,4824219;;;
1,8;5;-4,4824219;;;
1,8;5;-4,4824219;;;
1,8;5;-4,4824219;;;
1,8;5;-4,4824219;;;
1,8;5;-4,4824219;;;
1,81;5;-4,4824219;;;
1,81;5;-4,4824219;;;
1,81;5;-4,4824219;;;
1,81;5;-4,4824219;;;
1,81;5;-4,4824219;;;
1,82;5;-4,4824219;;;
1,82;5;-4,4824219;;;
1,82;5;-4,4824219;;;
1,82;5;-4,4824219;;;
1,82;5;-4,4824219;;;
1,83;5;-4,4824219;;;
1,83;5;-4,4824219;;;
1,83;5;-4,4824219;;;
1,83;5;-4,4824219;;;
1,83;5;-4,4824219;;;
1,84;5;-4,4824219;;;
1,84;5;-4,4824219;;;
1,84;5;-4,4824219;;;
1,84;5;-4,4824219;;;
1,84;5;-4,4824219;;;
1,84;5;-4,4824219;;;
1,85;5;-4,4824219;;;
1,85;5;-4,4824219;;;
1,85;5;-4,4824219;;;
1,85;5;-4,4824219;;;
1,85;5;-4,4824219;;;
1,86;5;-4,4824219;;;
1,86;5;-4,4824219;;;
1,86;5;-4,4824219;;;
1,86;5;-4,4824219;;;
1,86;5;-4,4824219;;;
1,86;5;-4,4824219;;;
1,87;5;-4,4824219;;;
1,87;5;-4,4824219;;;
1,87;5;-4,4824219;;;
1,87;5;-4,4824219;;;
1,87;5;-4,4824219;;;
1,88;5;-4,4824219;;;
1,88;5;-4,4824219;;;
1,88;5;-4,4824219;;;
1,88;5;-4,4824219;;;
1,88;5;-4,4824219;;;
1,88;5;-4,4824219;;;
1,89;5;-4,4824219;;;
1,89;5;-4,4824219;;;
1,89;5;-4,4824219;;;
1,89;5;-4,4824219;;;
1,89;5;-4,4824219;;;
1,9;5;-4,4824219;;;
1,9;5;-4,4824219;;;
1,9;5;-4,4824219;;;
1,9;5;-4,4824219;;;
1,91;5;-4,4824219;;;
1,91;5;-4,4824219;;;
1,91;5;-4,4824219;;;
1,91;5;-4,4824219;;;
1,91;5;-4,4824219;;;
1,92;5;-4,4824219;;;
1,92;5;-4,4824219;;;
1,92;5;-4,4824219;;;
1,92;5;-4,4824219;;;
1,92;5;-4,4824219;;;
1,93;5;-4,4824219;;;
1,93;5;-4,4824219;;;
1,93;5;-4,4824219;;;
1,93;5;-4,4824219;;;
1,93;5;-4,4824219;;;
1,93;5;-4,4824219;;;
1,94;5;-4,4824219;;;
1,94;5;-4,4824219;;;
1,94;5;-4,4824219;;;
1,94;5;-4,4824219;;;
1,94;5;-4,4824219;;;
1,95;5;-4,4824219;;;
1,95;5;-4,4824219;;;
1,95;5;-4,4824219;;;
1,95;5;-4,4824219;;;
1,95;5;-4,4824219;;;
1,96;5;-4,4824219;;;
1,96;5;-4,4824219;;;
1,96;5;-4,4824219;;;
1,96;5;-4,4824219;;;
1,96;5;-4,4824219;;;
1,97;5;-4,4824219;;;
1,97;5;-4,4824219;;;
1,97;5;-4,4824219;;;
1,97;5;-4,4824219;;;
1,97;5;-4,4824219;;;
1,98;5;-4,4824219;;;
1,98;5;-4,4824219;;;
1,98;5;-4,4824219;;;
1,98;5;-4,4824219;;;
1,98;5;-4,4824219;;;
1,98;5;-4,4824219;;;
1,99;5;-4,4824219;;;
1,99;5;-4,4824219;;;
1,99;5;-4,4824219;;;
1,99;5;-4,4824219;;;
1,99;5;-4,4824219;;;
2;5;-4,4824219;;;
2;5;-4,4824219;;;
2;5;-4,4824219;;;
2;5;-4,4824219;;;
2;5;-4,4824219;;;
2;5;-4,4824219;;;
2,01;5;-4,4824219;;;
2,01;5;-4,4824219;;;
2,01;5;-4,4824219;;;
2,01;5;-4,4824219;;;
2,01;5;-4,4824219;;;
2,02;5;-4,4824219;;;
2,02;5;-4,4824219;;;
2,02;5;-4,4824219;;;
2,02;5;-4,4824219;;;
2,02;5;-4,4824219;;;
2,03;5;-4,4824219;;;
2,03;5;-4,4824219;;;
2,03;5;-4,4824219;;;
2,03;5;-4,4824219;;;
2,03;5;-4,4824219;;;
2,03;5;-4,4824219;;;
2,04;5;-4,4824219;;;
2,04;5;-4,4824219;;;
2,04;5;-4,4824219;;;
2,04;5;-4,4824219;;;
2,04;5;-4,4824219;;;
2,05;5;-4,4824219;;;
2,05;5;-4,4824219;;;
2,05;5;-4,4824219;;;
2,05;5;-4,4824219;;;
2,05;5;-4,4824219;;;
2,06;5;-4,4824219;;;
2,06;5;-4,4824219;;;
2,06;5;-4,4824219;;;
2,06;5;-4,4824219;;;
2,06;5;-4,4824219;;;
2,06;5;-4,4824219;;;
2,07;5;-4,4824219;;;
2,07;5;-4,4824219;;;
2,07;5;-4,4824219;;;
2,07;5;-4,4824219;;;
2,07;5;-4,4824219;;;
2,08;5;-4,4824219;;;
2,08;5;-4,4824219;;;
2,08;5;-4,4824219;;;
2,08;5;-4,4824219;;;
2,08;5;-4,4824219;;;
2,08;5;-4,4824219;;;
2,09;5;-4,4824219;;;
2,09;5;-4,4824219;;;
2,09;5;-4,4824219;;;
2,09;5;-4,4824219;;;
2,1;5;-4,4824219;;;
2,1;5;-4,4824219;;;
2,1;5;-4,4824219;;;
2,1;5;-4,4824219;;;
2,1;5;-4,4824219;;;
2,1;5;-4,4824219;;;
2,11;5;-4,4824219;;;
2,11;5;-4,4824219;;;
2,11;5;-4,4824219;;;
2,11;5;-4,4824219;;;
2,11;5;-4,4824219;;;
2,12;5;-4,4824219;;;
2,12;5;-4,4824219;;;
2,12;5;-4,4824219;;;
2,12;5;-4,4824219;;;
2,12;5;-4,4824219;;;
2,12;5;-4,4824219;;;
2,13;5;-4,4824219;;;
2,13;5;-4,4824219;;;
2,13;5;-4,4824219;;;
2,13;5;-4,4824219;;;
2,13;5;-4,4824219;;;
2,14;5;-4,4824219;;;
2,14;5;-4,4824219;;;
2,14;5;-4,4824219;;;
2,14;5;-4,4824219;;;
2,14;5;-4,4824219;;;
2,15;5;-4,4824219;;;
2,15;5;-4,4824219;;;
2,15;5;-4,4824219;;;
2,15;5;-4,4824219;;;
2,15;5;-4,4824219;;;
2,15;5;-4,4824219;;;
2,16;5;-4,4824219;;;
2,16;5;-4,4824219;;;
2,16;5;-4,4824219;;;
2,16;5;-4,4824219;;;
2,16;5;-4,4824219;;;
2,17;5;-4,4824219;;;
2,17;5;-4,4824219;;;
2,17;5;-4,4824219;;;
2,17;5;-4,4824219;;;
2,17;5;-4,4824219;;;
2,17;5;-4,4824219;;;
2,18;5;-4,4824219;;;
2,18;5;-4,4824219;;;
2,18;5;-4,4824219;;;
2,18;5;-4,4824219;;;
2,18;5;-4,4824219;;;
2,19;5;-4,4824219;;;
2,19;5;-4,4824219;;;
2,19;5;-4,4824219;;;
2,19;5;-4,4824219;;;
2,19;5;-4,4824219;;;
2,2;5;-4,4824219;;;
2,2;5;-4,4824219;;;
2,2;5;-4,4824219;;;
2,2;5;-4,4824219;;;
2,2;5;-4,4824219;;;
2,2;5;-4,4824219;;;
2,21;5;-4,4824219;;;
2,21;5;-4,4824219;;;
2,21;5;-4,4824219;;;
2,21;5;-4,4824219;;;
2,21;5;-4,4824219;;;
2,22;5;-4,4824219;;;
2,22;5;-4,4824219;;;
2,22;5;-4,4824219;;;
2,22;5;-4,4824219;;;
2,22;5;-4,4824219;;;
2,23;5;-4,4824219;;;
2,23;5;-4,4824219;;;
2,23;5;-4,4824219;;;
2,23;5;-4,4824219;;;
2,23;5;-4,4824219;;;
2,23;5;-4,4824219;;;
2,24;5;-4,4824219;;;
2,24;5;-4,4824219;;;
2,24;5;-4,4824219;;;
2,24;5;-4,4824219;;;
2,24;5;-4,4824219;;;
2,25;5;-4,4824219;;;
2,25;5;-4,4824219;;;
2,25;5;-4,4824219;;;
2,25;5;-4,4824219;;;
2,25;5;-4,4824219;;;
2,26;5;-4,4824219;;;
2,26;5;-4,4824219;;;
2,26;5;-4,4824219;;;
2,26;5;-4,4824219;;;
2,26;5;-4,4824219;;;
2,27;5;-4,4824219;;;
2,27;5;-4,4824219;;;
2,27;5;-4,4824219;;;
2,27;5;-4,4824219;;;
2,27;5;-4,4824219;;;
2,27;5;-4,4824219;;;
2,28;5;-4,4824219;;;
2,28;5;-4,4824219;;;
2,28;5;-4,4824219;;;
2,28;5;-4,4824219;;;
2,28;5;-4,4824219;;;
2,29;5;-4,4824219;;;
2,29;5;-4,4824219;;;
2,29;5;-4,4824219;;;
2,29;5;-4,4824219;;;
2,29;5;-4,4824219;;;
2,29;5;-4,4824219;;;
2,3;5;-4,4824219;;;
2,3;5;-4,4824219;;;
2,3;5;-4,4824219;;;
2,3;5;-4,4824219;;;
2,3;5;-4,4824219;;;
2,31;5;-4,4824219;;;
2,31;5;-4,4824219;;;
2,31;5;-4,4824219;;;
2,31;5;-4,4824219;;;
2,31;5;-4,4824219;;;
2,32;5;-4,4824219;;;
2,32;5;-4,4824219;;;
2,32;5;-4,4824219;;;
2,32;5;-4,4824219;;;
2,32;5;-4,4824219;;;
2,32;5;-4,4824219;;;
2,33;5;-4,4824219;;;
2,33;5;-4,4824219;;;
2,33;5;-4,4824219;;;
2,33;5;-4,4824219;;;
2,33;5;-4,4824219;;;
2,34;5;-4,4824219;;;
2,34;5;-4,4824219;;;
2,34;5;-4,4824219;;;
2,34;5;-4,4824219;;;
2,34;5;-4,4824219;;;
2,34;5;-4,4824219;;;
2,35;5;-4,4824219;;;
2,35;5;-4,4824219;;;
2,35;5;-4,4824219;;;
2,35;5;-4,4824219;;;
2,35;5;-4,4824219;;;
2,36;5;-4,4824219;;;
2,36;5;-4,4824219;;;
2,36;5;-4,4824219;;;
2,36;5;-4,4824219;;;
2,36;5;-4,4824219;;;
2,37;5;-4,4824219;;;
2,37;5;-4,4824219;;;
2,37;5;-4,4824219;;;
2,37;5;-4,4824219;;;
2,37;5;-4,4824219;;;
2,37;5;-4,4824219;;;
2,38;5;-4,4824219;;;
2,38;5;-4,4824219;;;
2,38;5;-4,4824219;;;
2,38;5;-4,4824219;;;
2,38;5;-4,4824219;;;
2,39;5;-4,4824219;;;
2,39;5;-4,4824219;;;
2,39;5;-4,4824219;;;
2,39;5;-4,4824219;;;
2,39;5;-4,4824219;;;
2,4;5;-4,4824219;;;
2,4;5;-4,4824219;;;
2,4;5;-4,4824219;;;
2,4;5;-4,4824219;;;
2,4;5;-4,4824219;;;
2,41;5;-4,4824219;;;
2,41;5;-4,4824219;;;
2,41;5;-4,4824219;;;
2,41;5;-4,4824219;;;
2,41;5;-4,4824219;;;
2,41;5;-4,4824219;;;
2,42;5;-4,4824219;;;
2,42;5;-4,4824219;;;
2,42;5;-4,4824219;;;
2,42;5;-4,4824219;;;
2,42;5;-4,4824219;;;
2,43;5;-4,4824219;;;
2,43;5;-4,4824219;;;
2,43;5;-4,4824219;;;
2,43;5;-4,4824219;;;
2,43;5;-4,4824219;;;
2,44;5;-4,4824219;;;
2,44;5;-4,4824219;;;
2,44;5;-4,4824219;;;
2,44;5;-4,4824219;;;
2,44;5;-4,4824219;;;
2,44;5;-4,4824219;;;
2,45;5;-4,4824219;;;
2,45;5;-4,4824219;;;
2,45;5;-4,4824219;;;
2,45;5;-4,4824219;;;
2,45;5;-4,4824219;;;
2,46;5;-4,4824219;;;
2,46;5;-4,4824219;;;
2,46;5;-4,4824219;;;
2,46;5;-4,4824219;;;
2,46;5;-4,4824219;;;
2,46;5;-4,4824219;;;
2,47;5;-4,4824219;;;
2,47;5;-4,4824219;;;
2,47;5;-4,4824219;;;
2,47;5;-4,4824219;;;
2,47;5;-4,4824219;;;
2,48;5;-4,4824219;;;
2,48;5;-4,4824219;;;
2,48;5;-4,4824219;;;
2,48;5;-4,4824219;;;
2,48;5;-4,4824219;;;
2,49;5;-4,4824219;;;
2,49;5;-4,4824219;;;
2,49;5;-4,4824219;;;
2,49;5;-4,4824219;;;
2,49;5;-4,4824219;;;
2,49;5;-4,4824219;;;
2,5;5;-4,4824219;;;
2,5;5;-4,4824219;;;
2,5;5;-4,4824219;;;
2,5;5;-4,4824219;;;
2,5;5;-4,4824219;;;
2,51;5;-4,4824219;;;
2,51;5;-4,4824219;;;
2,51;5;-4,4824219;;;
2,51;5;-4,4824219;;;
2,51;5;-4,4824219;;;
2,51;5;-4,4824219;;;
2,52;5;-4,4824219;;;
2,52;5;-4,4824219;;;
2,52;5;-4,4824219;;;
2,52;5;-4,4824219;;;
2,53;5;-4,4824219;;;
2,53;5;-4,4824219;;;
2,53;5;-4,4824219;;;
2,53;5;-4,4824219;;;
2,53;5;-4,4824219;;;
2,53;5;-4,4824219;;;
2,54;5;-4,4824219;;;
2,54;5;-4,4824219;;;
2,54;5;-4,4824219;;;
2,54;5;-4,4824219;;;
2,54;5;-4,4824219;;;
2,55;5;-4,4824219;;;
2,55;5;-4,4824219;;;
2,55;5;-4,4824219;;;
2,55;5;-4,4824219;;;
2,55;5;-4,4824219;;;
2,55;5;-4,4824219;;;
2,56;5;-4,4824219;;;
2,56;5;-4,4824219;;;
2,56;5;-4,4824219;;;
2,56;5;-4,4824219;;;
2,56;5;-4,4824219;;;
2,57;5;-4,4824219;;;
2,57;5;-4,4824219;;;
2,57;5;-4,4824219;;;
2,57;5;-4,4824219;;;
2,57;5;-4,4824219;;;
2,58;5;-4,4824219;;;
2,58;5;-4,4824219;;;
2,58;5;-4,4824219;;;
2,58;5;-4,4824219;;;
2,58;5;-4,4824219;;;
2,58;5;-4,4824219;;;
2,59;5;-4,4824219;;;
2,59;5;-4,4824219;;;
2,59;5;-4,4824219;;;
2,59;5;-4,4824219;;;
2,59;5;-4,4824219;;;
2,6;5;-4,4824219;;;
2,6;5;-4,4824219;;;
2,6;5;-4,4824219;;;
2,6;5;-4,4824219;;;
2,6;5;-4,4824219;;;
2,61;5;-4,4824219;;;
2,61;5;-4,4824219;;;
2,61;5;-4,4824219;;;
2,61;5;-4,4824219;;;
2,61;5;-4,4824219;;;
2,61;5;-4,4824219;;;
2,62;5;-4,4824219;;;
2,62;5;-4,4824219;;;
2,62;5;-4,4824219;;;
2,62;5;-4,4824219;;;
2,62;5;-4,4824219;;;
2,63;5;-4,4824219;;;
2,63;5;-4,4824219;;;
2,63;5;-4,4824219;;;
2,63;5;-4,4824219;;;
2,63;5;-4,4824219;;;
2,63;5;-4,4824219;;;
2,64;5;-4,4824219;;;
2,64;5;-4,4824219;;;
2,64;5;-4,4824219;;;
2,64;5;-4,4824219;;;
2,64;5;-4,4824219;;;
2,65;5;-4,4824219;;;
2,65;5;-4,4824219;;;
2,65;5;-4,4824219;;;
2,65;5;-4,4824219;;;
2,65;5;-4,4824219;;;
2,66;5;-4,4824219;;;
2,66;5;-4,4824219;;;
2,66;5;-4,4824219;;;
2,66;5;-4,4824219;;;
2,66;5;-4,4824219;;;
2,66;5;-4,4824219;;;
2,67;5;-4,4824219;;;
2,67;5;-4,4824219;;;
2,67;5;-4,4824219;;;
2,67;5;-4,4824219;;;
2,67;5;-4,4824219;;;
2,68;5;-4,4824219;;;
2,68;5;-4,4824219;;;
2,68;5;-4,4824219;;;
2,68;5;-4,4824219;;;
2,68;5;-4,4824219;;;
2,69;5;-4,4824219;;;
2,69;5;-4,4824219;;;
2,69;5;-4,4824219;;;
2,69;5;-4,4824219;;;
2,69;5;-4,4824219;;;
2,7;5;-4,4824219;;;
2,7;5;-4,4824219;;;
2,7;5;-4,4824219;;;
2,7;5;-4,4824219;;;
2,7;5;-4,4824219;;;
2,7;5;-4,4824219;;;
2,71;5;-4,4824219;;;
2,71;5;-4,4824219;;;
2,71;5;-4,4824219;;;
2,71;5;-4,4824219;;;
2,71;5;-4,4824219;;;
2,72;5;-4,4824219;;;
2,72;5;-4,4824219;;;
2,72;5;-4,4824219;;;
2,72;5;-4,4824219;;;
2,72;5;-4,4824219;;;
2,72;5;-4,4824219;;;
2,73;5;-4,4824219;;;
2,73;5;-4,4824219;;;
2,73;5;-4,4824219;;;
2,73;5;-4,4824219;;;
2,73;5;-4,4824219;;;
2,74;5;-4,4824219;;;
2,74;5;-4,4824219;;;
2,74;5;-4,4824219;;;
2,74;5;-4,4824219;;;
2,74;5;-4,4824219;;;
2,75;5;-4,4824219;;;
2,75;5;-4,4824219;;;
2,75;5;-4,4824219;;;
2,75;5;-4,4824219;;;
2,75;5;-4,4824219;;;
2,75;5;-4,4824219;;;
2,76;5;-4,4824219;;;
2,76;5;-4,4824219;;;
2,76;5;-4,4824219;;;
2,76;5;-4,4824219;;;
2,76;5;-4,4824219;;;
2,77;5;-4,4824219;;;
2,77;5;-4,4824219;;;
2,77;5;-4,4824219;;;
2,77;5;-4,4824219;;;
2,77;5;-4,4824219;;;
2,78;5;-4,4824219;;;
2,78;5;-4,4824219;;;
2,78;5;-4,4824219;;;
2,78;5;-4,4824219;;;
2,78;5;-4,4824219;;;
2,78;5;-4,4824219;;;
2,79;5;-4,4824219;;;
2,79;5;-4,4824219;;;
2,79;5;-4,4824219;;;
2,79;5;-4,4824219;;;
2,79;5;-4,4824219;;;
2,8;5;-4,4824219;;;
2,8;5;-4,4824219;;;
2,8;5;-4,4824219;;;
2,8;5;-4,4824219;;;
2,8;5;-4,4824219;;;
2,8;5;-4,4824219;;;
2,81;5;-4,4824219;;;
2,81;5;-4,4824219;;;
2,81;5;-4,4824219;;;
2,81;5;-4,4824219;;;
2,81;5;-4,4824219;;;
2,82;5;-4,4824219;;;
2,82;5;-4,4824219;;;
2,82;5;-4,4824219;;;
2,82;5;-4,4824219;;;
2,82;5;-4,4824219;;;
2,83;5;-4,4824219;;;
2,83;5;-4,4824219;;;
2,83;5;-4,4824219;;;
2,83;5;-4,4824219;;;
2,83;5;-4,4824219;;;
2,84;5;-4,4824219;;;
2,84;5;-4,4824219;;;
2,84;5;-4,4824219;;;
2,84;5;-4,4824219;;;
2,84;5;-4,4824219;;;
2,84;5;-4,4824219;;;
2,85;5;-4,4824219;;;
2,85;5;-4,4824219;;;
2,85;5;-4,4824219;;;
2,85;5;-4,4824219;;;
2,85;5;-4,4824219;;;
2,86;5;-4,4824219;;;
2,86;5;-4,4824219;;;
2,86;5;-4,4824219;;;
2,86;5;-4,4824219;;;
2,86;5;-4,4824219;;;
2,87;5;-4,4824219;;;
2,87;5;-4,4824219;;;
2,87;5;-4,4824219;;;
2,87;5;-4,4824219;;;
2,87;5;-4,4824219;;;
2,87;5;-4,4824219;;;
2,88;5;-4,4824219;;;
2,88;5;-4,4824219;;;
2,88;5;-4,4824219;;;
2,88;5;-4,4824219;;;
2,88;5;-4,4824219;;;
2,89;5;-4,4824219;;;
2,89;5;-4,4824219;;;
2,89;5;-4,4824219;;;
2,89;5;-4,4824219;;;
2,89;5;-4,4824219;;;
2,89;5;-4,4824219;;;
2,9;5;-4,4824219;;;
2,9;5;-4,4824219;;;
2,9;5;-4,4824219;;;
2,9;5;-4,4824219;;;
2,9;5;-4,4824219;;;
2,91;5;-4,4824219;;;
2,91;5;-4,4824219;;;
2,91;5;-4,4824219;;;
2,91;5;-4,4824219;;;
2,91;5;-4,4824219;;;
2,92;5;-4,4824219;;;
2,92;5;-4,4824219;;;
2,92;5;-4,4824219;;;
2,92;5;-4,4824219;;;
2,92;5;-4,4824219;;;
2,92;5;-4,4824219;;;
2,93;5;-4,4824219;;;
2,93;5;-4,4824219;;;
2,93;5;-4,4824219;;;
2,93;5;-4,4824219;;;
2,93;5;-4,4824219;;;
2,94;5;-4,4824219;;;
2,94;5;-4,4824219;;;
2,94;5;-4,4824219;;;
2,94;5;-4,4824219;;;
2,94;5;-4,4824219;;;
2,95;5;-4,4824219;;;
2,95;5;-4,4824219;;;
2,95;5;-4,4824219;;;
2,95;5;-4,4824219;;;
2,95;5;-4,4824219;;;
2,96;5;-4,4824219;;;
2,96;5;-4,4824219;;;
2,96;5;-4,4824219;;;
2,96;5;-4,4824219;;;
2,96;5;-4,4824219;;;
2,96;5;-4,4824219;;;
2,97;5;-4,4824219;;;
2,97;5;-4,4824219;;;
2,97;5;-4,4824219;;;
2,97;5;-4,4824219;;;
2,97;5;-4,4824219;;;
2,98;5;-4,4824219;;;
2,98;5;-4,4824219;;;
2,98;5;-4,4824219;;;
2,98;5;-4,4824219;;;
2,98;5;-4,4824219;;;
2,98;5;-4,4824219;;;
2,99;5;-4,4824219;;;
2,99;5;-4,4824219;;;
2,99;5;-4,4824219;;;
2,99;5;-4,4824219;;;
2,99;5;-4,4824219;;;
3;5;-4,4824219;;;
3;5;-4,4824219;;;
3;5;-4,4824219;;;
3;5;-4,4824219;;;
3;5;-4,4824219;;;
3,01;5;-4,4824219;;;
3,01;5;-4,4824219;;;
3,01;5;-4,4824219;;;
3,01;5;-4,4824219;;;
3,01;5;-4,4824219;;;
3,01;5;-4,4824219;;;
3,02;5;-4,4824219;;;
3,02;5;-4,4824219;;;
3,02;5;-4,4824219;;;
3,02;5;-4,4824219;;;
3,02;5;-4,4824219;;;
3,03;5;-4,4824219;;;
3,03;5;-4,4824219;;;
3,03;5;-4,4824219;;;
3,03;5;-4,4824219;;;
3,03;5;-4,4824219;;;
3,04;5;-4,4824219;;;
3,04;5;-4,4824219;;;
3,04;5;-4,4824219;;;
3,04;5;-4,4824219;;;
3,04;5;-4,4824219;;;
3,04;5;-4,4824219;;;
3,05;5;-4,4824219;;;
3,05;5;-4,4824219;;;
3,05;5;-4,4824219;;;
3,05;5;-4,4824219;;;
3,05;5;-4,4824219;;;
3,06;5;-4,4824219;;;
3,06;5;-4,4824219;;;
3,06;5;-4,4824219;;;
3,06;5;-4,4824219;;;
3,06;5;-4,4824219;;;
3,06;5;-4,4824219;;;
3,07;5;-4,4824219;;;
3,07;5;-4,4824219;;;
3,07;5;-4,4824219;;;
3,07;5;-4,4824219;;;
3,07;5;-4,4824219;;;
3,08;5;-4,4824219;;;
3,08;5;-4,4824219;;;
3,08;5;-4,4824219;;;
3,08;5;-4,4824219;;;
3,08;5;-4,4824219;;;
3,09;5;-4,4824219;;;
3,09;5;-4,4824219;;;
3,09;5;-4,4824219;;;
3,09;5;-4,4824219;;;
3,09;5;-4,4824219;;;
3,1;5;-4,4824219;;;
3,1;5;-4,4824219;;;
3,1;5;-4,4824219;;;
3,1;5;-4,4824219;;;
3,1;5;-4,4824219;;;
3,1;5;-4,4824219;;;
3,11;5;-4,4824219;;;
3,11;5;-4,4824219;;;
3,11;5;-4,4824219;;;
3,11;5;-4,4824219;;;
3,11;5;-4,4824219;;;
3,12;5;-4,4824219;;;
3,12;5;-4,4824219;;;
3,12;5;-4,4824219;;;
3,12;5;-4,4824219;;;
3,12;5;-4,4824219;;;
3,13;5;-4,4824219;;;
3,13;5;-4,4824219;;;
3,13;5;-4,4824219;;;
3,13;5;-4,4824219;;;
3,13;5;-4,4824219;;;
3,13;5;-4,4824219;;;
3,14;5;-4,4824219;;;
3,14;5;-4,4824219;;;
3,14;5;-4,4824219;;;
3,14;5;-4,4824219;;;
3,14;5;-4,4824219;;;
3,15;5;-4,4824219;;;
3,15;5;-4,4824219;;;
3,15;5;-4,4824219;;;
3,15;5;-4,4824219;;;
3,15;5;-4,4824219;;;
3,15;5;-4,4824219;;;
3,16;5;-4,4824219;;;
3,16;5;-4,4824219;;;
3,16;5;-4,4824219;;;
3,16;5;-4,4824219;;;
3,16;5;-4,4824219;;;
3,17;5;-4,4824219;;;
3,17;5;-4,4824219;;;
3,17;5;-4,4824219;;;
3,17;5;-4,4824219;;;
3,17;5;-4,4824219;;;
3,18;5;-4,4824219;;;
3,18;5;-4,4824219;;;
3,18;5;-4,4824219;;;
3,18;5;-4,4824219;;;
3,18;5;-4,4824219;;;
3,18;5;-4,4824219;;;
3,19;5;-4,4824219;;;
3,19;5;-4,4824219;;;
3,19;5;-4,4824219;;;
3,19;5;-4,4824219;;;
3,19;5;-4,4824219;;;
3,2;5;-4,4824219;;;
3,2;5;-4,4824219;;;
3,2;5;-4,4824219;;;
3,2;5;-4,4824219;;;
3,2;5;-4,4824219;;;
3,21;5;-4,4824219;;;
3,21;5;-4,4824219;;;
3,21;5;-4,4824219;;;
3,21;5;-4,4824219;;;
3,21;5;-4,4824219;;;
3,21;5;-4,4824219;;;
3,22;5;-4,4824219;;;
3,22;5;-4,4824219;;;
3,22;5;-4,4824219;;;
3,22;5;-4,4824219;;;
3,22;5;-4,4824219;;;
3,23;5;-4,4824219;;;
3,23;5;-4,4824219;;;
3,23;5;-4,4824219;;;
3,23;5;-4,4824219;;;
3,23;5;-4,4824219;;;
3,23;5;-4,4824219;;;
3,24;5;-4,4824219;;;
3,24;5;-4,4824219;;;
3,24;5;-4,4824219;;;
3,24;5;-4,4824219;;;
3,25;5;-4,4824219;;;
3,25;5;-4,4824219;;;
3,25;5;-4,4824219;;;
3,25;5;-4,4824219;;;
3,25;5;-4,4824219;;;
3,25;5;-4,4824219;;;
3,26;5;-4,4824219;;;
3,26;5;-4,4824219;;;
3,26;5;-4,4824219;;;
3,26;5;-4,4824219;;;
3,26;5;-4,4824219;;;
3,27;5;-4,4824219;;;
3,27;5;-4,4824219;;;
3,27;5;-4,4824219;;;
3,27;5;-4,4824219;;;
3,27;5;-4,4824219;;;
3,27;5;-4,4824219;;;
3,28;5;-4,4824219;;;
3,28;5;-4,4824219;;;
3,28;5;-4,4824219;;;
3,28;5;-4,4824219;;;
3,28;5;-4,4824219;;;
3,29;5;-4,4824219;;;
3,29;5;-4,4824219;;;
3,29;5;-4,4824219;;;
3,29;5;-4,4824219;;;
3,29;5;-4,4824219;;;
3,3;5;-4,4824219;;;
3,3;5;-4,4824219;;;
3,3;5;-4,4824219;;;
3,3;5;-4,4824219;;;
3,3;5;-4,4824219;;;
3,3;5;-4,4824219;;;
3,31;5;-4,4824219;;;
3,31;5;-4,4824219;;;
3,31;5;-4,4824219;;;
3,31;5;-4,4824219;;;
3,31;5;-4,4824219;;;
3,32;5;-4,4824219;;;
3,32;5;-4,4824219;;;
3,32;5;-4,4824219;;;
3,32;5;-4,4824219;;;
3,32;5;-4,4824219;;;
3,32;5;-4,4824219;;;
3,33;5;-4,4824219;;;
3,33;5;-4,4824219;;;
3,33;5;-4,4824219;;;
3,33;5;-4,4824219;;;
3,33;5;-4,4824219;;;
3,34;5;-4,4824219;;;
3,34;5;-4,4824219;;;
3,34;5;-4,4824219;;;
3,34;5;-4,4824219;;;
3,34;5;-4,4824219;;;
3,35;5;-4,4824219;;;
3,35;5;-4,4824219;;;
3,35;5;-4,4824219;;;
3,35;5;-4,4824219;;;
3,35;5;-4,4824219;;;
3,35;5;-4,4824219;;;
3,36;5;-4,4824219;;;
3,36;5;-4,4824219;;;
3,36;5;-4,4824219;;;
3,36;5;-4,4824219;;;
3,36;5;-4,4824219;;;
3,37;5;-4,4824219;;;
3,37;5;-4,4824219;;;
3,37;5;-4,4824219;;;
3,37;5;-4,4824219;;;
3,37;5;-4,4824219;;;
3,38;5;-4,4824219;;;
3,38;5;-4,4824219;;;
3,38;5;-4,4824219;;;
3,38;5;-4,4824219;;;
3,38;5;-4,4824219;;;
3,39;5;-4,4824219;;;
3,39;5;-4,4824219;;;
3,39;5;-4,4824219;;;
3,39;5;-4,4824219;;;
3,39;5;-4,4824219;;;
3,39;5;-4,4824219;;;
3,4;5;-4,4824219;;;
3,4;5;-4,4824219;;;
3,4;5;-4,4824219;;;
3,4;5;-4,4824219;;;
3,4;5;-4,4824219;;;
3,41;5;-4,4824219;;;
3,41;5;-4,4824219;;;
3,41;5;-4,4824219;;;
3,41;5;-4,4824219;;;
3,41;5;-4,4824219;;;
3,42;5;-4,4824219;;;
3,42;5;-4,4824219;;;
3,42;5;-4,4824219;;;
3,42;5;-4,4824219;;;
3,42;5;-4,4824219;;;
3,42;5;-4,4824219;;;
3,43;5;-4,4824219;;;
3,43;5;-4,4824219;;;
3,43;5;-4,4824219;;;
3,43;5;-4,4824219;;;
3,43;5;-4,4824219;;;
3,44;5;-4,4824219;;;
3,44;5;-4,4824219;;;
3,44;5;-4,4824219;;;
3,44;5;-4,4824219;;;
3,44;5;-4,4824219;;;
3,44;5;-4,4824219;;;
3,45;5;-4,4824219;;;
3,45;5;-4,4824219;;;
3,45;5;-4,4824219;;;
3,45;5;-4,4824219;;;
3,45;5;-4,4824219;;;
3,46;5;-4,4824219;;;
3,46;5;-4,4824219;;;
3,46;5;-4,4824219;;;
3,46;5;-4,4824219;;;
3,46;5;-4,4824219;;;
3,47;5;-4,4824219;;;
3,47;5;-4,4824219;;;
3,47;5;-4,4824219;;;
3,47;5;-4,4824219;;;
3,47;5;-4,4824219;;;
3,47;5;-4,4824219;;;
3,48;5;-4,4824219;;;
3,48;5;-4,4824219;;;
3,48;5;-4,4824219;;;
3,48;5;-4,4824219;;;
3,48;5;-4,4824219;;;
3,49;5;-4,4824219;;;
3,49;5;-4,4824219;;;
3,49;5;-4,4824219;;;
3,49;5;-4,4824219;;;
3,49;5;-4,4824219;;;
3,49;5;-4,4824219;;;
3,5;5;-4,4824219;;;
3,5;5;-4,4824219;;;
3,5;5;-4,4824219;;;
3,5;5;-4,4824219;;;
3,5;5;-4,4824219;;;
3,51;5;-4,4824219;;;
3,51;5;-4,4824219;;;
3,51;5;-4,4824219;;;
3,51;5;-4,4824219;;;
3,51;5;-4,4824219;;;
3,52;5;-4,4824219;;;
3,52;5;-4,4824219;;;
3,52;5;-4,4824219;;;
3,52;5;-4,4824219;;;
3,52;5;-4,4824219;;;
3,53;5;-4,4824219;;;
3,53;5;-4,4824219;;;
3,53;5;-4,4824219;;;
3,53;5;-4,4824219;;;
3,53;5;-4,4824219;;;
3,53;5;-4,4824219;;;
3,54;5;-4,4824219;;;
3,54;5;-4,4824219;;;
3,54;5;-4,4824219;;;
3,54;5;-4,4824219;;;
3,54;5;-4,4824219;;;
3,55;5;-4,4824219;;;
3,55;5;-4,4824219;;;
3,55;5;-4,4824219;;;
3,55;5;-4,4824219;;;
3,55;5;-4,4824219;;;
3,56;5;-4,4824219;;;
3,56;5;-4,4824219;;;
3,56;5;-4,4824219;;;
3,56;5;-4,4824219;;;
3,56;5;-4,4824219;;;
3,56;5;-4,4824219;;;
3,57;5;-4,4824219;;;
3,57;5;-4,4824219;;;
3,57;5;-4,4824219;;;
3,57;5;-4,4824219;;;
3,57;5;-4,4824219;;;
3,58;5;-4,4824219;;;
3,58;5;-4,4824219;;;
3,58;5;-4,4824219;;;
3,58;5;-4,4824219;;;
3,58;5;-4,4824219;;;
3,59;5;-4,4824219;;;
3,59;5;-4,4824219;;;
3,59;5;-4,4824219;;;
3,59;5;-4,4824219;;;
3,59;5;-4,4824219;;;
3,59;5;-4,4824219;;;
3,6;5;-4,4824219;;;
3,6;5;-4,4824219;;;
3,6;5;-4,4824219;;;
3,6;5;-4,4824219;;;
3,6;5;-4,4824219;;;
3,61;5;-4,4824219;;;
3,61;5;-4,4824219;;;
3,61;5;-4,4824219;;;
3,61;5;-4,4824219;;;
3,61;5;-4,4824219;;;
3,61;5;-4,4824219;;;
3,62;5;-4,4824219;;;
3,62;5;-4,4824219;;;
3,62;5;-4,4824219;;;
3,62;5;-4,4824219;;;
3,62;5;-4,4824219;;;
3,63;5;-4,4824219;;;
3,63;5;-4,4824219;;;
3,63;5;-4,4824219;;;
3,63;5;-4,4824219;;;
3,63;5;-4,4824219;;;
3,64;5;-4,4824219;;;
3,64;5;-4,4824219;;;
3,64;5;-4,4824219;;;
3,64;5;-4,4824219;;;
3,64;5;-4,4824219;;;
3,64;5;-4,4824219;;;
3,65;5;-4,4824219;;;
3,65;5;-4,4824219;;;
3,65;5;-4,4824219;;;
3,65;5;-4,4824219;;;
3,65;5;-4,4824219;;;
3,66;5;-4,4824219;;;
3,66;5;-4,4824219;;;
3,66;5;-4,4824219;;;
3,66;5;-4,4824219;;;
3,66;5;-4,4824219;;;
3,66;5;-4,4824219;;;
3,67;5;-4,4824219;;;
3,67;5;-4,4824219;;;
3,67;5;-4,4824219;;;
3,67;5;-4,4824219;;;
3,68;5;-4,4824219;;;
3,68;5;-4,4824219;;;
3,68;5;-4,4824219;;;
3,68;5;-4,4824219;;;
3,68;5;-4,4824219;;;
3,68;5;-4,4824219;;;
3,69;5;-4,4824219;;;
3,69;5;-4,4824219;;;
3,69;5;-4,4824219;;;
3,69;5;-4,4824219;;;
3,69;5;-4,4824219;;;
3,7;5;-4,4824219;;;
3,7;5;-4,4824219;;;
3,7;5;-4,4824219;;;
3,7;5;-4,4824219;;;
3,7;5;-4,4824219;;;
3,7;5;-4,4824219;;;
3,71;5;-4,4824219;;;
3,71;5;-4,4824219;;;
3,71;5;-4,4824219;;;
3,71;5;-4,4824219;;;
3,71;5;-4,4824219;;;
3,72;5;-4,4824219;;;
3,72;5;-4,4824219;;;
3,72;5;-4,4824219;;;
3,72;5;-4,4824219;;;
3,72;5;-4,4824219;;;
3,73;5;-4,4824219;;;
3,73;5;-4,4824219;;;
3,73;5;-4,4824219;;;
3,73;5;-4,4824219;;;
3,73;5;-4,4824219;;;
3,73;5;-4,4824219;;;
3,74;5;-4,4824219;;;
3,74;5;-4,4824219;;;
3,74;5;-4,4824219;;;
3,74;5;-4,4824219;;;
3,74;5;-4,4824219;;;
3,75;5;-4,4824219;;;
3,75;5;-4,4824219;;;
3,75;5;-4,4824219;;;
3,75;5;-4,4824219;;;
3,75;5;-4,4824219;;;
3,76;5;-4,4824219;;;
3,76;5;-4,4824219;;;
3,76;5;-4,4824219;;;
3,76;5;-4,4824219;;;
3,76;5;-4,4824219;;;
3,76;5;-4,4824219;;;
3,77;5;-4,4824219;;;
3,77;5;-4,4824219;;;
3,77;5;-4,4824219;;;
3,77;5;-4,4824219;;;
3,77;5;-4,4824219;;;
3,78;5;-4,4824219;;;
3,78;5;-4,4824219;;;
3,78;5;-4,4824219;;;
3,78;5;-4,4824219;;;
3,78;5;-4,4824219;;;
3,78;5;-4,4824219;;;
3,79;5;-4,4824219;;;
3,79;5;-4,4824219;;;
3,79;5;-4,4824219;;;
3,79;5;-4,4824219;;;
3,79;5;-4,4824219;;;
3,8;5;-4,4824219;;;
3,8;5;-4,4824219;;;
3,8;5;-4,4824219;;;
3,8;5;-4,4824219;;;
3,8;5;-4,4824219;;;
3,81;5;-4,4824219;;;
3,81;5;-4,4824219;;;
3,81;5;-4,4824219;;;
3,81;5;-4,4824219;;;
3,81;5;-4,4824219;;;
3,82;5;-4,4824219;;;
3,82;5;-4,4824219;;;
3,82;5;-4,4824219;;;
3,82;5;-4,4824219;;;
3,82;5;-4,4824219;;;
3,82;5;-4,4824219;;;
3,83;5;-4,4824219;;;
3,83;5;-4,4824219;;;
3,83;5;-4,4824219;;;
3,83;5;-4,4824219;;;
3,83;5;-4,4824219;;;
3,84;5;-4,4824219;;;
3,84;5;-4,4824219;;;
3,84;5;-4,4824219;;;
3,84;5;-4,4824219;;;
3,84;5;-4,4824219;;;
3,85;5;-4,4824219;;;
3,85;5;-4,4824219;;;
3,85;5;-4,4824219;;;
3,85;5;-4,4824219;;;
3,85;5;-4,4824219;;;
3,85;5;-4,4824219;;;
3,86;5;-4,4824219;;;
3,86;5;-4,4824219;;;
3,86;5;-4,4824219;;;
3,86;5;-4,4824219;;;
3,86;5;-4,4824219;;;
3,87;5;-4,4824219;;;
3,87;5;-4,4824219;;;
3,87;5;-4,4824219;;;
3,87;5;-4,4824219;;;
3,87;5;-4,4824219;;;
3,87;5;-4,4824219;;;
3,88;5;-4,4824219;;;
3,88;5;-4,4824219;;;
3,88;5;-4,4824219;;;
3,88;5;-4,4824219;;;
3,88;5;-4,4824219;;;
3,89;5;-4,4824219;;;
3,89;5;-4,4824219;;;
3,89;5;-4,4824219;;;
3,89;5;-4,4824219;;;
3,89;5;-4,4824219;;;
3,9;5;-4,4824219;;;
3,9;5;-4,4824219;;;
3,9;5;-4,4824219;;;
3,9;5;-4,4824219;;;
3,9;5;-4,4824219;;;
3,9;5;-4,4824219;;;
3,91;5;-4,4824219;;;
3,91;5;-4,4824219;;;
3,91;5;-4,4824219;;;
3,91;5;-4,4824219;;;
3,91;5;-4,4824219;;;
3,92;5;-4,4824219;;;
3,92;5;-4,4824219;;;
3,92;5;-4,4824219;;;
3,92;5;-4,4824219;;;
3,92;5;-4,4824219;;;
3,92;5;-4,4824219;;;
3,93;5;-4,4824219;;;
3,93;5;-4,4824219;;;
3,93;5;-4,4824219;;;
3,93;5;-4,4824219;;;
3,93;5;-4,4824219;;;
3,94;5;-4,4824219;;;
3,94;5;-4,4824219;;;
3,94;5;-4,4824219;;;
3,94;5;-4,4824219;;;
3,94;5;-4,4824219;;;
3,95;5;-4,4824219;;;
3,95;5;-4,4824219;;;
3,95;5;-4,4824219;;;
3,95;5;-4,4824219;;;
3,95;5;-4,4824219;;;
3,96;5;-4,4824219;;;
3,96;5;-4,4824219;;;
3,96;5;-4,4824219;;;
3,96;5;-4,4824219;;;
3,96;5;-4,4824219;;;
3,96;5;-4,4824219;;;
3,97;5;-4,4824219;;;
3,97;5;-4,4824219;;;
3,97;5;-4,4824219;;;
3,97;5;-4,4824219;;;
3,97;5;-4,4824219;;;
3,98;5;-4,4824219;;;
3,98;5;-4,4824219;;;
3,98;5;-4,4824219;;;
3,98;5;-4,4824219;;;
3,98;5;-4,4824219;;;
3,98;5;-4,4824219;;;
3,99;5;-4,4824219;;;
3,99;5;-4,4824219;;;
3,99;5;-4,4824219;;;
3,99;5;-4,4824219;;;
3,99;5;-4,4824219;;;
4;5;-4,4824219;;;
4;5;-4,4824219;;;
4;5;-4,4824219;;;
4;5;-4,4824219;;;
4;5;-4,4824219;;;
4,01;5;-4,4824219;;;
4,01;5;-4,4824219;;;
4,01;5;-4,4824219;;;
4,01;5;-4,4824219;;;
4,01;5;-4,4824219;;;
4,01;5;-4,4824219;;;
4,02;5;-4,4824219;;;
4,02;5;-4,4824219;;;
4,02;5;-4,4824219;;;
4,02;5;-4,4824219;;;
4,02;5;-4,4824219;;;
4,03;5;-4,4824219;;;
4,03;5;-4,4824219;;;
4,03;5;-4,4824219;;;
4,03;5;-4,4824219;;;
4,03;5;-4,4824219;;;
4,03;5;-4,4824219;;;
4,04;5;-4,4824219;;;
4,04;5;-4,4824219;;;
4,04;5;-4,4824219;;;
4,04;5;-4,4824219;;;
4,04;5;-4,4824219;;;
4,05;5;-4,4824219;;;
4,05;5;-4,4824219;;;
4,05;5;-4,4824219;;;
4,05;5;-4,4824219;;;
4,05;5;-4,4824219;;;
4,06;5;-4,4824219;;;
4,06;5;-4,4824219;;;
4,06;5;-4,4824219;;;
4,06;5;-4,4824219;;;
4,06;5;-4,4824219;;;
4,07;5;-4,4824219;;;
4,07;5;-4,4824219;;;
4,07;5;-4,4824219;;;
4,07;5;-4,4824219;;;
4,07;5;-4,4824219;;;
4,07;5;-4,4824219;;;
4,08;5;-4,4824219;;;
4,08;5;-4,4824219;;;
4,08;5;-4,4824219;;;
4,08;5;-4,4824219;;;
4,08;5;-4,4824219;;;
4,09;5;-4,4824219;;;
4,09;5;-4,4824219;;;
4,09;5;-4,4824219;;;
4,09;5;-4,4824219;;;
4,09;5;-4,4824219;;;
4,1;5;-4,4824219;;;
4,1;5;-4,4824219;;;
4,1;5;-4,4824219;;;
4,1;5;-4,4824219;;;
4,1;5;-4,4824219;;;
4,11;5;-4,4824219;;;
4,11;5;-4,4824219;;;
4,11;5;-4,4824219;;;
4,11;5;-4,4824219;;;
4,11;5;-4,4824219;;;
4,11;5;-4,4824219;;;
4,12;5;-4,4824219;;;
4,12;5;-4,4824219;;;
4,12;5;-4,4824219;;;
4,12;5;-4,4824219;;;
4,12;5;-4,4824219;;;
4,13;5;-4,4824219;;;
4,13;5;-4,4824219;;;
4,13;5;-4,4824219;;;
4,13;5;-4,4824219;;;
4,13;5;-4,4824219;;;
4,13;5;-4,4824219;;;
4,14;5;-4,4824219;;;
4,14;5;-4,4824219;;;
4,14;5;-4,4824219;;;
4,14;5;-4,4824219;;;
4,14;5;-4,4824219;;;
4,15;5;-4,4824219;;;
4,15;5;-4,4824219;;;
4,15;5;-4,4824219;;;
4,15;5;-4,4824219;;;
4,15;5;-4,4824219;;;
4,16;5;-4,4824219;;;
4,16;5;-4,4824219;;;
4,16;5;-4,4824219;;;
4,16;5;-4,4824219;;;
4,16;5;-4,4824219;;;
4,16;5;-4,4824219;;;
4,17;5;-4,4824219;;;
4,17;5;-4,4824219;;;
4,17;5;-4,4824219;;;
4,17;5;-4,4824219;;;
4,17;5;-4,4824219;;;
4,18;5;-4,4824219;;;
4,18;5;-4,4824219;;;
4,18;5;-4,4824219;;;
4,18;5;-4,4824219;;;
4,18;5;-4,4824219;;;
4,19;5;-4,4824219;;;
4,19;5;-4,4824219;;;
4,19;5;-4,4824219;;;
4,19;5;-4,4824219;;;
4,19;5;-4,4824219;;;
4,19;5;-4,4824219;;;
4,2;5;-4,4824219;;;
4,2;5;-4,4824219;;;
4,2;5;-4,4824219;;;
4,2;5;-4,4824219;;;
4,2;5;-4,4824219;;;
4,21;5;-4,4824219;;;
4,21;5;-4,4824219;;;
4,21;5;-4,4824219;;;
4,21;5;-4,4824219;;;
4,21;5;-4,4824219;;;
4,21;5;-4,4824219;;;
4,22;5;-4,4824219;;;
4,22;5;-4,4824219;;;
4,22;5;-4,4824219;;;
4,22;5;-4,4824219;;;
4,23;5;-4,4824219;;;
4,23;5;-4,4824219;;;
4,23;5;-4,4824219;;;
4,23;5;-4,4824219;;;
4,23;5;-4,4824219;;;
4,23;5;-4,4824219;;;
4,24;5;-4,4824219;;;
4,24;5;-4,4824219;;;
4,24;5;-4,4824219;;;
4,24;5;-4,4824219;;;
4,24;5;-4,4824219;;;
4,25;5;-4,4824219;;;
4,25;5;-4,4824219;;;
4,25;5;-4,4824219;;;
4,25;5;-4,4824219;;;
4,25;5;-4,4824219;;;
4,25;5;-4,4824219;;;
4,26;5;-4,4824219;;;
4,26;5;-4,4824219;;;
4,26;5;-4,4824219;;;
4,26;5;-4,4824219;;;
4,26;5;-4,4824219;;;
4,26;5;-4,4824219;;;
4,27;5;-4,4824219;;;
4,27;5;-4,4824219;;;
4,27;5;-4,4824219;;;
4,27;5;-4,4824219;;;
4,28;5;-4,4824219;;;
4,28;5;-4,4824219;;;
4,28;5;-4,4824219;;;
4,28;5;-4,4824219;;;
4,28;5;-4,4824219;;;
4,28;5;-4,4824219;;;
4,29;5;-4,4824219;;;
4,29;5;-4,4824219;;;
4,29;5;-4,4824219;;;
4,29;5;-4,4824219;;;
4,29;5;-4,4824219;;;
4,3;5;-4,4824219;;;
4,3;5;-4,4824219;;;
4,3;5;-4,4824219;;;
4,3;5;-4,4824219;;;
4,3;5;-4,4824219;;;
4,3;5;-4,4824219;;;
4,31;5;-4,4824219;;;
4,31;5;-4,4824219;;;
4,31;5;-4,4824219;;;
4,31;5;-4,4824219;;;
4,31;5;-4,4824219;;;
4,32;5;-4,4824219;;;
4,32;5;-4,4824219;;;
4,32;5;-4,4824219;;;
4,32;5;-4,4824219;;;
4,32;5;-4,4824219;;;
4,32;5;-4,4824219;;;
4,33;5;-4,4824219;;;
4,33;5;-4,4824219;;;
4,33;5;-4,4824219;;;
4,33;5;-4,4824219;;;
4,33;5;-4,4824219;;;
4,34;5;-4,4824219;;;
4,34;5;-4,4824219;;;
4,34;5;-4,4824219;;;
4,34;5;-4,4824219;;;
4,34;5;-4,4824219;;;
4,34;5;-4,4824219;;;
4,35;5;-4,4824219;;;
4,35;5;-4,4824219;;;
4,35;5;-4,4824219;;;
4,35;5;-4,4824219;;;
4,36;5;-4,4824219;;;
4,36;5;-4,4824219;;;
4,36;5;-4,4824219;;;
4,36;5;-4,4824219;;;
4,36;5;-4,4824219;;;
4,36;5;-4,4824219;;;
4,37;5;-4,4824219;;;
4,37;5;-4,4824219;;;
4,37;5;-4,4824219;;;
4,37;5;-4,4824219;;;
4,37;5;-4,4824219;;;
4,38;5;-4,4824219;;;
4,38;5;-4,4824219;;;
4,38;5;-4,4824219;;;
4,38;5;-4,4824219;;;
4,38;5;-4,4824219;;;
4,39;5;-4,4824219;;;
4,39;5;-4,4824219;;;
4,39;5;-4,4824219;;;
4,39;5;-4,4824219;;;
4,39;5;-4,4824219;;;
4,4;5;-4,4824219;;;
4,4;5;-4,4824219;;;
4,4;5;-4,4824219;;;
4,4;5;-4,4824219;;;
4,4;5;-4,4824219;;;
4,4;5;-4,4824219;;;
4,41;5;-4,4824219;;;
4,41;5;-4,4824219;;;
4,41;5;-4,4824219;;;
4,41;5;-4,4824219;;;
4,41;5;-4,4824219;;;
4,42;5;-4,4824219;;;
4,42;5;-4,4824219;;;
4,42;5;-4,4824219;;;
4,42;5;-4,4824219;;;
4,42;5;-4,4824219;;;
4,42;5;-4,4824219;;;
4,43;5;-4,4824219;;;
4,43;5;-4,4824219;;;
4,43;5;-4,4824219;;;
4,43;5;-4,4824219;;;
4,43;5;-4,4824219;;;
4,44;5;-4,4824219;;;
4,44;5;-4,4824219;;;
4,44;5;-4,4824219;;;
4,44;5;-4,4824219;;;
4,44;5;-4,4824219;;;
4,45;5;-4,4824219;;;
4,45;5;-4,4824219;;;
4,45;5;-4,4824219;;;
4,45;5;-4,4824219;;;
4,45;5;-4,4824219;;;
4,45;5;-4,4824219;;;
4,46;5;-4,4824219;;;
4,46;5;-4,4824219;;;
4,46;5;-4,4824219;;;
4,46;5;-4,4824219;;;
4,46;5;-4,4824219;;;
4,47;5;-4,4824219;;;
4,47;5;-4,4824219;;;
4,47;5;-4,4824219;;;
4,47;5;-4,4824219;;;
4,47;5;-4,4824219;;;
4,47;5;-4,4824219;;;
4,48;5;-4,4824219;;;
4,48;5;-4,4824219;;;
4,48;5;-4,4824219;;;
4,48;5;-4,4824219;;;
4,48;5;-4,4824219;;;
4,49;5;-4,4824219;;;
4,49;5;-4,4824219;;;
4,49;5;-4,4824219;;;
4,49;5;-4,4824219;;;
4,49;5;-4,4824219;;;
4,5;5;-4,4824219;;;
4,5;5;-4,4824219;;;
4,5;5;-4,4824219;;;
4,5;5;-4,4824219;;;
4,5;5;-4,4824219;;;
4,5;5;-4,4824219;;;
4,51;5;-4,4824219;;;
4,51;5;-4,4824219;;;
4,51;5;-4,4824219;;;
4,51;5;-4,4824219;;;
4,51;5;-4,4824219;;;
4,51;5;-4,4824219;;;
4,52;5;-4,4824219;;;
4,52;5;-4,4824219;;;
4,52;5;-4,4824219;;;
4,52;5;-4,4824219;;;
4,53;5;-4,4824219;;;
4,53;5;-4,4824219;;;
4,53;5;-4,4824219;;;
4,53;5;-4,4824219;;;
4,53;5;-4,4824219;;;
4,53;5;-4,4824219;;;
4,54;5;-4,4824219;;;
4,54;5;-4,4824219;;;
4,54;5;-4,4824219;;;
4,54;5;-4,4824219;;;
4,54;5;-4,4824219;;;
4,55;5;-4,4824219;;;
4,55;5;-4,4824219;;;
4,55;5;-4,4824219;;;
4,55;5;-4,4824219;;;
4,55;5;-4,4824219;;;
4,55;5;-4,4824219;;;
4,56;5;-4,4824219;;;
4,56;5;-4,4824219;;;
4,56;5;-4,4824219;;;
4,56;5;-4,4824219;;;
4,56;5;-4,4824219;;;
4,57;5;-4,4824219;;;
4,57;5;-4,4824219;;;
4,57;5;-4,4824219;;;
4,57;5;-4,4824219;;;
4,57;5;-4,4824219;;;
4,58;5;-4,4824219;;;
4,58;5;-4,4824219;;;
4,58;5;-4,4824219;;;
4,58;5;-4,4824219;;;
4,58;5;-4,4824219;;;
4,59;5;-4,4824219;;;
4,59;5;-4,4824219;;;
4,59;5;-4,4824219;;;
4,59;5;-4,4824219;;;
4,59;5;-4,4824219;;;
4,59;5;-4,4824219;;;
4,6;5;-4,4824219;;;
4,6;5;-4,4824219;;;
4,6;5;-4,4824219;;;
4,6;5;-4,4824219;;;
4,6;5;-4,4824219;;;
4,61;5;-4,4824219;;;
4,61;5;-4,4824219;;;
4,61;5;-4,4824219;;;
4,61;5;-4,4824219;;;
4,61;5;-4,4824219;;;
4,61;5;-4,4824219;;;
4,62;5;-4,4824219;;;
4,62;5;-4,4824219;;;
4,62;5;-4,4824219;;;
4,62;5;-4,4824219;;;
4,62;5;-4,4824219;;;
4,63;5;-4,4824219;;;
4,63;5;-4,4824219;;;
4,63;5;-4,4824219;;;
4,63;5;-4,4824219;;;
4,63;5;-4,4824219;;;
4,64;5;-4,4824219;;;
4,64;5;-4,4824219;;;
4,64;5;-4,4824219;;;
4,64;5;-4,4824219;;;
4,64;5;-4,4824219;;;
4,64;5;-4,4824219;;;
4,65;5;-4,4824219;;;
4,65;5;-4,4824219;;;
4,65;5;-4,4824219;;;
4,65;5;-4,4824219;;;
4,66;5;-4,4824219;;;
4,66;5;-4,4824219;;;
4,66;5;-4,4824219;;;
4,66;5;-4,4824219;;;
4,66;5;-4,4824219;;;
4,66;5;-4,4824219;;;
4,67;5;-4,4824219;;;
4,67;5;-4,4824219;;;
4,67;5;-4,4824219;;;
4,67;5;-4,4824219;;;
4,67;5;-4,4824219;;;
4,68;5;-4,4824219;;;
4,68;5;-4,4824219;;;
4,68;5;-4,4824219;;;
4,68;5;-4,4824219;;;
4,68;5;-4,4824219;;;
4,68;5;-4,4824219;;;
4,69;5;-4,4824219;;;
4,69;5;-4,4824219;;;
4,69;5;-4,4824219;;;
4,69;5;-4,4824219;;;
4,69;5;-4,4824219;;;
4,7;5;-4,4824219;;;
4,7;5;-4,4824219;;;
4,7;5;-4,4824219;;;
4,7;5;-4,4824219;;;
4,7;5;-4,4824219;;;
4,71;5;-4,4824219;;;
4,71;5;-4,4824219;;;
4,71;5;-4,4824219;;;
4,71;5;-4,4824219;;;
4,71;5;-4,4824219;;;
4,71;5;-4,4824219;;;
4,72;5;-4,4824219;;;
4,72;5;-4,4824219;;;
4,72;5;-4,4824219;;;
4,72;5;-4,4824219;;;
4,72;5;-4,4824219;;;
4,73;5;-4,4824219;;;
4,73;5;-4,4824219;;;
4,73;5;-4,4824219;;;
4,73;5;-4,4824219;;;
4,73;5;-4,4824219;;;
4,73;5;-4,4824219;;;
4,74;5;-4,4824219;;;
4,74;5;-4,4824219;;;
4,74;5;-4,4824219;;;
4,74;5;-4,4824219;;;
4,74;5;-4,4824219;;;
4,75;5;-4,4824219;;;
4,75;5;-4,4824219;;;
4,75;5;-4,4824219;;;
4,75;5;-4,4824219;;;
4,75;5;-4,4824219;;;
4,76;5;-4,4824219;;;
4,76;5;-4,4824219;;;
4,76;5;-4,4824219;;;
4,76;5;-4,4824219;;;
4,76;5;-4,4824219;;;
4,76;5;-4,4824219;;;
4,77;5;-4,4824219;;;
4,77;5;-4,4824219;;;
4,77;5;-4,4824219;;;
4,77;5;-4,4824219;;;
4,77;5;-4,4824219;;;
4,78;5;-4,4824219;;;
4,78;5;-4,4824219;;;
4,78;5;-4,4824219;;;
4,78;5;-4,4824219;;;
4,78;5;-4,4824219;;;
4,78;5;-4,4824219;;;
4,79;5;-4,4824219;;;
4,79;5;-4,4824219;;;
4,79;5;-4,4824219;;;
4,79;5;-4,4824219;;;
4,79;5;-4,4824219;;;
4,8;5;-4,4824219;;;
4,8;5;-4,4824219;;;
4,8;5;-4,4824219;;;
4,8;5;-4,4824219;;;
4,8;5;-4,4824219;;;
4,8;5;-4,4824219;;;
4,81;5;-4,4824219;;;
4,81;5;-4,4824219;;;
4,81;5;-4,4824219;;;
4,81;5;-4,4824219;;;
4,82;5;-4,4824219;;;
4,82;5;-4,4824219;;;
4,82;5;-4,4824219;;;
4,82;5;-4,4824219;;;
4,82;5;-4,4824219;;;
4,82;5;-4,4824219;;;
4,83;5;-4,4824219;;;
4,83;5;-4,4824219;;;
4,83;5;-4,4824219;;;
4,83;5;-4,4824219;;;
4,83;5;-4,4824219;;;
4,84;5;-4,4824219;;;
4,84;5;-4,4824219;;;
4,84;5;-4,4824219;;;
4,84;5;-4,4824219;;;
4,84;5;-4,4824219;;;
4,84;5;-4,4824219;;;
4,85;5;-4,4824219;;;
4,85;5;-4,4824219;;;
4,85;5;-4,4824219;;;
4,85;5;-4,4824219;;;
4,85;5;-4,4824219;;;
4,86;5;-4,4824219;;;
4,86;5;-4,4824219;;;
4,86;5;-4,4824219;;;
4,86;5;-4,4824219;;;
4,86;5;-4,4824219;;;
4,87;5;-4,4824219;;;
4,87;5;-4,4824219;;;
4,87;5;-4,4824219;;;
4,87;5;-4,4824219;;;
4,87;5;-4,4824219;;;
4,88;5;-4,4824219;;;
4,88;5;-4,4824219;;;
4,88;5;-4,4824219;;;
4,88;5;-4,4824219;;;
4,88;5;-4,4824219;;;
4,88;5;-4,4824219;;;
4,89;5;-4,4824219;;;
4,89;5;-4,4824219;;;
4,89;5;-4,4824219;;;
4,89;5;-4,4824219;;;
4,89;5;-4,4824219;;;
4,9;5;-4,4824219;;;
4,9;5;-4,4824219;;;
4,9;5;-4,4824219;;;
4,9;5;-4,4824219;;;
4,9;5;-4,4824219;;;
4,9;5;-4,4824219;;;
4,91;5;-4,4824219;;;
4,91;5;-4,4824219;;;
4,91;5;-4,4824219;;;
4,91;5;-4,4824219;;;
4,91;5;-4,4824219;;;
4,92;5;-4,4824219;;;
4,92;5;-4,4824219;;;
4,92;5;-4,4824219;;;
4,92;5;-4,4824219;;;
4,92;5;-4,4824219;;;
4,93;5;-4,4824219;;;
4,93;5;-4,4824219;;;
4,93;5;-4,4824219;;;
4,93;5;-4,4824219;;;
4,93;5;-4,4824219;;;
4,93;5;-4,4824219;;;
4,94;5;-4,4824219;;;
4,94;5;-4,4824219;;;
4,94;5;-4,4824219;;;
4,94;5;-4,4824219;;;
4,94;5;-4,4824219;;;
4,95;5;-4,4824219;;;
4,95;5;-4,4824219;;;
4,95;5;-4,4824219;;;
4,95;5;-4,4824219;;;
4,95;5;-4,4824219;;;
4,96;5;-4,4824219;;;
4,96;5;-4,4824219;;;
4,96;5;-4,4824219;;;
4,96;5;-4,4824219;;;
4,96;5;-4,4824219;;;
4,97;5;-4,4824219;;;
4,97;5;-4,4824219;;;
4,97;5;-4,4824219;;;
4,97;5;-4,4824219;;;
4,97;5;-4,4824219;;;
4,97;5;-4,4824219;;;
4,98;5;-4,4824219;;;
4,98;5;-4,4824219;;;
4,98;5;-4,4824219;;;
4,98;5;-4,4824219;;;
4,98;5;-4,4824219;;;
4,99;5;-4,4824219;;;
4,99;5;-4,4824219;;;
4,99;5;-4,4824219;;;
4,99;5;-4,4824219;;;
4,99;5;-4,4824219;;;
5;5;-4,4824219;;;
5;5;-4,4824219;;;
5;5;-4,4824219;;;
5;30,00;-4,4824219;;;
5;30,00;-4,4824219;;;
5;30,00;-4,4824219;;;
5,01;30,00;-4,4824219;;;
5,01;30,00;-4,4824219;;;
5,01;30,00;-4,4824219;;;
5,01;30,00;-4,4824219;;;
5,01;30,00;-4,4824219;;;
5,02;30,00;-4,4824219;;;
5,02;30,00;-4,4824219;;;
5,02;30,00;-4,4824219;;;
5,02;30,00;-4,4824219;;;
5,02;30,00;-4,4824219;;;
5,03;30,00;-4,4824219;;;
5,03;30,00;-4,4824219;;;
5,03;30,00;-4,4824219;;;
5,03;30,00;-4,3945313;;;
5,03;30,00;-4,3945313;;;
5,04;30,00;-4,3945313;;;
5,04;30,00;-4,3945313;;;
5,04;30,00;-4,3945313;;;
5,04;30,00;-4,3945313;;;
5,04;30,00;-4,3945313;;;
5,05;30,00;-4,3945313;;;
5,05;30,00;-4,3945313;;;
5,05;30,00;-4,3066406;;;
5,05;30,00;-4,3066406;;;
5,05;30,00;-4,3066406;;;
5,05;30,00;-4,21875;;;
5,06;30,00;-4,21875;;;
5,06;30,00;-4,21875;;;
5,06;30,00;-4,21875;;;
5,06;30,00;-4,1308594;;;
5,06;30,00;-4,1308594;;;
5,07;30,00;-4,0429688;;;
5,07;30,00;-4,0429688;;;
5,07;30,00;-3,9550781;;;
5,07;30,00;-3,9550781;;;
5,07;30,00;-3,8671875;;;
5,08;30,00;-3,8671875;;;
5,08;30,00;-3,7792969;;;
5,08;30,00;-3,7792969;;;
5,08;30,00;-3,6914063;;;
5,08;30,00;-3,6914063;;;
5,09;30,00;-3,6035156;;;
5,09;30,00;-3,515625;;;
5,09;30,00;-3,4277344;;;
5,09;30,00;-3,3398438;;;
5,09;30,00;-3,2519531;;;
5,1;30,00;-3,2519531;;;
5,1;30,00;-3,1640625;;;
5,1;30,00;-3,0761719;;;
5,1;30,00;-2,9882813;;;
5,1;30,00;-2,9003906;;;
5,11;30,00;-2,8125;;;
5,11;30,00;-2,7246094;;;
5,11;30,00;-2,6367188;;;
5,11;30,00;-2,5488281;;;
5,11;30,00;-2,3730469;;;
5,11;30,00;-2,3730469;;;
5,12;30,00;-2,1972656;;;
5,12;30,00;-2,109375;;;
5,12;30,00;-2,0214844;;;
5,12;30,00;-1,8457031;;;
5,13;30,00;-1,7578125;;;
5,13;30,00;-1,6699219;;;
5,13;30,00;-1,4941406;;;
5,13;30,00;-1,40625;;;
5,13;30,00;-1,2304688;;;
5,14;30,00;-1,1425781;;;
5,14;30,00;-0,96679688;;;
5,14;30,00;-0,79101563;;;
5,14;30,00;-0,703125;;;
5,14;30,00;-0,52734375;;;
5,15;30,00;-0,3515625;;;
5,15;30,00;-0,17578125;;;
5,15;30,00;-0,087890625;;;
5,15;30,00;0,087890625;;;
5,15;30,00;0,26367188;;;
5,15;30,00;0,43945313;;;
5,16;30,00;0,61523438;;;
5,16;30,00;0,79101563;;;
5,16;30,00;0,96679688;;;
5,16;30,00;1,1425781;;;
5,16;30,00;1,3183594;;;
5,17;30,00;1,4941406;;;
5,17;30,00;1,6699219;;;
5,17;30,00;1,8457031;;;
5,17;30,00;2,0214844;;;
5,17;30,00;2,2851563;;;
5,18;30,00;2,4609375;;;
5,18;30,00;2,6367188;;;
5,18;30,00;2,8125;;;
5,18;30,00;3,0761719;;;
5,18;30,00;3,2519531;;;
5,18;30,00;3,4277344;;;
5,19;30,00;3,6914063;;;
5,19;30,00;3,8671875;;;
5,19;30,00;4,1308594;;;
5,19;30,00;4,3945313;;;
5,19;30,00;4,5703125;;;
5,2;30,00;4,8339844;;;
5,2;30,00;5,0097656;;;
5,2;30,00;5,2734375;;;
5,2;30,00;5,5371094;;;
5,2;30,00;5,7128906;;;
5,2;30,00;5,9765625;;;
5,21;30,00;6,2402344;;;
5,21;30,00;6,4160156;;;
5,21;30,00;6,6796875;;;
5,21;30,00;6,9433594;;;
5,21;30,00;7,2070313;;;
5,22;30,00;7,3828125;;;
5,22;30,00;7,6464844;;;
5,22;30,00;7,9101563;;;
5,22;30,00;8,1738281;;;
5,22;30,00;8,4375;;;
5,23;30,00;8,7011719;;;
5,23;30,00;8,9648438;;;
5,23;30,00;9,2285156;;;
5,23;30,00;9,4921875;;;
5,23;30,00;9,84375;;;
5,24;30,00;10,107422;;;
5,24;30,00;10,371094;;;
5,24;30,00;10,634766;;;
5,24;30,00;10,986328;;;
5,24;30,00;11,25;;;
5,24;30,00;11,513672;;;
5,25;30,00;11,865234;;;
5,25;30,00;12,128906;;;
5,25;30,00;12,392578;;;
5,25;30,00;12,744141;;;
5,26;30,00;13,007813;;;
5,26;30,00;13,359375;;;
5,26;30,00;13,623047;;;
5,26;30,00;13,974609;;;
5,26;30,00;14,238281;;;
5,26;30,00;14,501953;;;
5,27;30,00;14,853516;;;
5,27;30,00;15,117188;;;
5,27;30,00;15,46875;;;
5,27;30,00;15,820313;;;
5,27;30,00;16,083984;;;
5,28;30,00;16,347656;;;
5,28;30,00;16,699219;;;
5,28;30,00;16,962891;;;
5,28;30,00;17,314453;;;
5,28;30,00;17,578125;;;
5,28;30,00;17,929688;;;
5,29;30,00;18,193359;;;
5,29;30,00;18,544922;;;
5,29;30,00;18,896484;;;
5,29;30,00;19,160156;;;
5,3;30,00;19,423828;;;
5,3;30,00;19,775391;;;
5,3;30,00;20,039063;;;
5,3;30,00;20,390625;;;
5,3;30,00;20,654297;;;
5,3;30,00;21,005859;;;
5,31;30,00;21,269531;;;
5,31;30,00;21,621094;;;
5,31;30,00;21,884766;;;
5,31;30,00;22,236328;;;
5,32;30,00;22,5;;;
5,32;30,00;22,851563;;;
5,32;30,00;23,115234;;;
5,32;30,00;23,378906;;;
5,32;30,00;23,730469;;;
5,32;30,00;23,994141;;;
5,33;30,00;24,257813;;;
5,33;30,00;24,609375;;;
5,33;30,00;24,873047;;;
5,33;30,00;25,136719;;;
5,34;30,00;25,488281;;;
5,34;30,00;25,751953;;;
5,34;30,00;26,015625;;;
5,34;30,00;26,367188;;;
5,34;30,00;26,630859;;;
5,34;30,00;26,894531;;;
5,35;30,00;27,158203;;;
5,35;30,00;27,421875;;;
5,35;30,00;27,773438;;;
5,35;30,00;28,037109;;;
5,35;30,00;28,300781;;;
5,36;30,00;28,564453;;;
5,36;30,00;28,828125;;;
5,36;30,00;29,091797;;;
5,36;30,00;29,355469;;;
5,36;30,00;29,619141;;;
5,36;30,00;29,882813;;;
5,37;30,00;30,146484;;;
5,37;30,00;30,410156;;;
5,37;30,00;30,673828;;;
5,37;30,00;30,9375;;;
5,38;30,00;31,201172;;;
5,38;30,00;31,376953;;;
5,38;30,00;31,728516;;;
5,38;30,00;31,904297;;;
5,38;30,00;32,167969;;;
5,39;30,00;32,431641;;;
5,39;30,00;32,695313;;;
5,39;30,00;32,958984;;;
5,39;30,00;33,134766;;;
5,39;30,00;33,398438;;;
5,4;30,00;33,662109;;;
5,4;30,00;33,837891;;;
5,4;30,00;34,101563;;;
5,4;30,00;34,277344;;;
5,4;30,00;34,541016;;;
5,41;30,00;34,716797;;;
5,41;30,00;34,980469;;;
5,41;30,00;35,15625;;;
5,41;30,00;35,419922;;;
5,41;30,00;35,595703;;;
5,41;30,00;35,771484;;;
5,42;30,00;35,947266;;;
5,42;30,00;36,210938;;;
5,42;30,00;36,386719;;;
5,42;30,00;36,5625;;;
5,43;30,00;36,738281;;;
5,43;30,00;36,914063;;;
5,43;30,00;37,177734;;;
5,43;30,00;37,353516;;;
5,43;30,00;37,529297;;;
5,43;30,00;37,705078;;;
5,44;30,00;37,880859;;;
5,44;30,00;38,056641;;;
5,44;30,00;38,232422;;;
5,44;30,00;38,320313;;;
5,44;30,00;38,496094;;;
5,45;30,00;38,671875;;;
5,45;30,00;38,847656;;;
5,45;30,00;39,023438;;;
5,45;30,00;39,199219;;;
5,45;30,00;39,287109;;;
5,46;30,00;39,462891;;;
5,46;30,00;39,550781;;;
5,46;30,00;39,726563;;;
5,46;30,00;39,814453;;;
5,46;30,00;39,990234;;;
5,47;30,00;40,078125;;;
5,47;30,00;40,253906;;;
5,47;30,00;40,341797;;;
5,47;30,00;40,517578;;;
5,47;30,00;40,605469;;;
5,48;30,00;40,693359;;;
5,48;30,00;40,78125;;;
5,48;30,00;40,957031;;;
5,48;30,00;41,044922;;;
5,48;30,00;41,132813;;;
5,49;30,00;41,220703;;;
5,49;30,00;41,308594;;;
5,49;30,00;41,396484;;;
5,49;30,00;41,484375;;;
5,49;30,00;41,572266;;;
5,49;30,00;41,660156;;;
5,5;30,00;41,748047;;;
5,5;30,00;41,748047;;;
5,5;30,00;41,835938;;;
5,5;30,00;41,923828;;;
5,51;30,00;42,011719;;;
5,51;30,00;42,011719;;;
5,51;30,00;42,099609;;;
5,51;30,00;42,1875;;;
5,51;30,00;42,1875;;;
5,51;30,00;42,275391;;;
5,52;30,00;42,275391;;;
5,52;30,00;42,363281;;;
5,52;30,00;42,363281;;;
5,52;30,00;42,363281;;;
5,52;30,00;42,451172;;;
5,53;30,00;42,451172;;;
5,53;30,00;42,451172;;;
5,53;30,00;42,539063;;;
5,53;30,00;42,539063;;;
5,53;30,00;42,539063;;;
5,54;30,00;42,539063;;;
5,54;30,00;42,539063;;;
5,54;30,00;42,539063;;;
5,54;30,00;42,539063;;;
5,54;30,00;42,539063;;;
5,55;30,00;42,539063;;;
5,55;30,00;42,539063;;;
5,55;30,00;42,539063;;;
5,55;30,00;42,539063;;;
5,55;30,00;42,539063;;;
5,56;30,00;42,451172;;;
5,56;30,00;42,451172;;;
5,56;30,00;42,451172;;;
5,56;30,00;42,451172;;;
5,56;30,00;42,363281;;;
5,57;30,00;42,363281;;;
5,57;30,00;42,363281;;;
5,57;30,00;42,275391;;;
5,57;30,00;42,275391;;;
5,57;30,00;42,1875;;;
5,57;30,00;42,1875;;;
5,58;30,00;42,099609;;;
5,58;30,00;42,099609;;;
5,58;30,00;42,011719;;;
5,58;30,00;41,923828;;;
5,58;30,00;41,923828;;;
5,59;30,00;41,835938;;;
5,59;30,00;41,748047;;;
5,59;30,00;41,748047;;;
5,59;30,00;41,660156;;;
5,59;30,00;41,572266;;;
5,6;30,00;41,484375;;;
5,6;30,00;41,396484;;;
5,6;30,00;41,396484;;;
5,6;30,00;41,308594;;;
5,6;30,00;41,220703;;;
5,61;30,00;41,132813;;;
5,61;30,00;41,044922;;;
5,61;30,00;40,957031;;;
5,61;30,00;40,869141;;;
5,61;30,00;40,78125;;;
5,62;30,00;40,693359;;;
5,62;30,00;40,605469;;;
5,62;30,00;40,517578;;;
5,62;30,00;40,429688;;;
5,62;30,00;40,253906;;;
5,63;30,00;40,166016;;;
5,63;30,00;40,078125;;;
5,63;30,00;39,990234;;;
5,63;30,00;39,902344;;;
5,63;30,00;39,726563;;;
5,64;30,00;39,638672;;;
5,64;30,00;39,550781;;;
5,64;30,00;39,375;;;
5,64;30,00;39,287109;;;
5,64;30,00;39,199219;;;
5,65;30,00;39,023438;;;
5,65;30,00;38,935547;;;
5,65;30,00;38,847656;;;
5,65;30,00;38,671875;;;
5,65;30,00;38,583984;;;
5,66;30,00;38,496094;;;
5,66;30,00;38,320313;;;
5,66;30,00;38,232422;;;
5,66;30,00;38,056641;;;
5,66;30,00;37,96875;;;
5,67;30,00;37,880859;;;
5,67;30,00;37,705078;;;
5,67;30,00;37,529297;;;
5,67;30,00;37,441406;;;
5,67;30,00;37,353516;;;
5,68;30,00;37,177734;;;
5,68;30,00;37,089844;;;
5,68;30,00;36,914063;;;
5,68;30,00;36,738281;;;
5,68;30,00;36,650391;;;
5,69;30,00;36,474609;;;
5,69;30,00;36,386719;;;
5,69;30,00;36,210938;;;
5,69;30,00;36,123047;;;
5,69;30,00;35,947266;;;
5,69;30,00;35,771484;;;
5,7;30,00;35,683594;;;
5,7;30,00;35,507813;;;
5,7;30,00;35,419922;;;
5,7;30,00;35,244141;;;
5,7;30,00;35,068359;;;
5,71;30,00;34,980469;;;
5,71;30,00;34,804688;;;
5,71;30,00;34,628906;;;
5,71;30,00;34,541016;;;
5,71;30,00;34,365234;;;
5,72;30,00;34,189453;;;
5,72;30,00;34,101563;;;
5,72;30,00;33,925781;;;
5,72;30,00;33,75;;;
5,72;30,00;33,662109;;;
5,73;30,00;33,486328;;;
5,73;30,00;33,310547;;;
5,73;30,00;33,222656;;;
5,73;30,00;33,046875;;;
5,73;30,00;32,871094;;;
5,74;30,00;32,783203;;;
5,74;30,00;32,607422;;;
5,74;30,00;32,431641;;;
5,74;30,00;32,34375;;;
5,74;30,00;32,167969;;;
5,75;30,00;31,992188;;;
5,75;30,00;31,904297;;;
5,75;30,00;31,728516;;;
5,75;30,00;31,640625;;;
5,75;30,00;31,464844;;;
5,75;30,00;31,289063;;;
5,76;30,00;31,201172;;;
5,76;30,00;31,025391;;;
5,76;30,00;30,9375;;;
5,76;30,00;30,761719;;;
5,76;30,00;30,673828;;;
5,77;30,00;30,498047;;;
5,77;30,00;30,410156;;;
5,77;30,00;30,234375;;;
5,77;30,00;30,146484;;;
5,77;30,00;29,970703;;;
5,78;30,00;29,882813;;;
5,78;30,00;29,794922;;;
5,78;30,00;29,619141;;;
5,78;30,00;29,53125;;;
5,78;30,00;29,355469;;;
5,79;30,00;29,267578;;;
5,79;30,00;29,091797;;;
5,79;30,00;29,003906;;;
5,79;30,00;28,916016;;;
5,79;30,00;28,740234;;;
5,8;30,00;28,652344;;;
5,8;30,00;28,564453;;;
5,8;30,00;28,388672;;;
5,8;30,00;28,300781;;;
5,8;30,00;28,212891;;;
5,81;30,00;28,037109;;;
5,81;30,00;27,949219;;;
5,81;30,00;27,861328;;;
5,81;30,00;27,773438;;;
5,81;30,00;27,597656;;;
5,82;30,00;27,509766;;;
5,82;30,00;27,421875;;;
5,82;30,00;27,333984;;;
5,82;30,00;27,246094;;;
5,82;30,00;27,158203;;;
5,82;30,00;26,982422;;;
5,83;30,00;26,894531;;;
5,83;30,00;26,806641;;;
5,83;30,00;26,71875;;;
5,83;30,00;26,630859;;;
5,84;30,00;26,542969;;;
5,84;30,00;26,455078;;;
5,84;30,00;26,367188;;;
5,84;30,00;26,279297;;;
5,84;30,00;26,191406;;;
5,84;30,00;26,103516;;;
5,85;30,00;26,015625;;;
5,85;30,00;25,927734;;;
5,85;30,00;25,839844;;;
5,85;30,00;25,751953;;;
5,86;30,00;25,751953;;;
5,86;30,00;25,664063;;;
5,86;30,00;25,576172;;;
5,86;30,00;25,488281;;;
5,86;30,00;25,400391;;;
5,86;30,00;25,3125;;;
5,87;30,00;25,224609;;;
5,87;30,00;25,224609;;;
5,87;30,00;25,136719;;;
5,87;30,00;25,048828;;;
5,87;30,00;24,960938;;;
5,88;30,00;24,873047;;;
5,88;30,00;24,873047;;;
5,88;30,00;24,785156;;;
5,88;30,00;24,697266;;;
5,88;30,00;24,609375;;;
5,89;30,00;24,609375;;;
5,89;30,00;24,521484;;;
5,89;30,00;24,521484;;;
5,89;30,00;24,433594;;;
5,89;30,00;24,345703;;;
5,9;30,00;24,345703;;;
5,9;30,00;24,257813;;;
5,9;30,00;24,257813;;;
5,9;30,00;24,169922;;;
5,9;30,00;24,169922;;;
5,91;30,00;24,082031;;;
5,91;30,00;24,082031;;;
5,91;30,00;23,994141;;;
5,91;30,00;23,994141;;;
5,91;30,00;23,90625;;;
5,92;30,00;23,90625;;;
5,92;30,00;23,818359;;;
5,92;30,00;23,818359;;;
5,92;30,00;23,818359;;;
5,92;30,00;23,730469;;;
5,93;30,00;23,730469;;;
5,93;30,00;23,730469;;;
5,93;30,00;23,730469;;;
5,93;30,00;23,642578;;;
5,93;30,00;23,642578;;;
5,94;30,00;23,642578;;;
5,94;30,00;23,642578;;;
5,94;30,00;23,642578;;;
5,94;30,00;23,554688;;;
5,94;30,00;23,554688;;;
5,95;30,00;23,554688;;;
5,95;30,00;23,554688;;;
5,95;30,00;23,554688;;;
5,95;30,00;23,554688;;;
5,95;30,00;23,554688;;;
5,95;30,00;23,554688;;;
5,96;30,00;23,554688;;;
5,96;30,00;23,554688;;;
5,96;30,00;23,554688;;;
5,96;30,00;23,554688;;;
5,96;30,00;23,554688;;;
5,97;30,00;23,554688;;;
5,97;30,00;23,554688;;;
5,97;30,00;23,554688;;;
5,97;30,00;23,642578;;;
5,97;30,00;23,642578;;;
5,98;30,00;23,642578;;;
5,98;30,00;23,642578;;;
5,98;30,00;23,642578;;;
5,98;30,00;23,730469;;;
5,98;30,00;23,730469;;;
5,99;30,00;23,730469;;;
5,99;30,00;23,730469;;;
5,99;30,00;23,730469;;;
5,99;30,00;23,818359;;;
5,99;30,00;23,818359;;;
6;30,00;23,818359;;;
6;30,00;23,818359;;;
6;30,00;23,90625;;;
6;30,00;23,90625;;;
6;30,00;23,994141;;;
6,01;30,00;23,994141;;;
6,01;30,00;24,082031;;;
6,01;30,00;24,082031;;;
6,01;30,00;24,082031;;;
6,01;30,00;24,169922;;;
6,01;30,00;24,257813;;;
6,02;30,00;24,257813;;;
6,02;30,00;24,257813;;;
6,02;30,00;24,345703;;;
6,02;30,00;24,345703;;;
6,03;30,00;24,433594;;;
6,03;30,00;24,433594;;;
6,03;30,00;24,521484;;;
6,03;30,00;24,521484;;;
6,03;30,00;24,609375;;;
6,03;30,00;24,697266;;;
6,04;30,00;24,697266;;;
6,04;30,00;24,785156;;;
6,04;30,00;24,785156;;;
6,04;30,00;24,873047;;;
6,04;30,00;24,873047;;;
6,05;30,00;24,960938;;;
6,05;30,00;24,960938;;;
6,05;30,00;25,048828;;;
6,05;30,00;25,048828;;;
6,05;30,00;25,136719;;;
6,05;30,00;25,224609;;;
6,06;30,00;25,224609;;;
6,06;30,00;25,3125;;;
6,06;30,00;25,400391;;;
6,06;30,00;25,400391;;;
6,07;30,00;25,488281;;;
6,07;30,00;25,576172;;;
6,07;30,00;25,576172;;;
6,07;30,00;25,664063;;;
6,07;30,00;25,751953;;;
6,08;30,00;25,751953;;;
6,08;30,00;25,839844;;;
6,08;30,00;25,839844;;;
6,08;30,00;25,927734;;;
6,08;30,00;26,015625;;;
6,09;30,00;26,015625;;;
6,09;30,00;26,103516;;;
6,09;30,00;26,191406;;;
6,09;30,00;26,191406;;;
6,09;30,00;26,279297;;;
6,09;30,00;26,279297;;;
6,1;30,00;26,367188;;;
6,1;30,00;26,455078;;;
6,1;30,00;26,455078;;;
6,1;30,00;26,542969;;;
6,11;30,00;26,630859;;;
6,11;30,00;26,630859;;;
6,11;30,00;26,71875;;;
6,11;30,00;26,806641;;;
6,11;30,00;26,894531;;;
6,11;30,00;26,894531;;;
6,12;30,00;26,982422;;;
6,12;30,00;26,982422;;;
6,12;30,00;27,070313;;;
6,12;30,00;27,158203;;;
6,12;30,00;27,246094;;;
6,13;30,00;27,246094;;;
6,13;30,00;27,333984;;;
6,13;30,00;27,421875;;;
6,13;30,00;27,421875;;;
6,13;30,00;27,509766;;;
6,14;30,00;27,509766;;;
6,14;30,00;27,597656;;;
6,14;30,00;27,685547;;;
6,14;30,00;27,773438;;;
6,14;30,00;27,861328;;;
6,15;30,00;27,861328;;;
6,15;30,00;27,949219;;;
6,15;30,00;28,037109;;;
6,15;30,00;28,037109;;;
6,15;30,00;28,125;;;
6,16;30,00;28,212891;;;
6,16;30,00;28,212891;;;
6,16;30,00;28,300781;;;
6,16;30,00;28,388672;;;
6,16;30,00;28,476563;;;
6,17;30,00;28,476563;;;
6,17;30,00;28,564453;;;
6,17;30,00;28,652344;;;
6,17;30,00;28,652344;;;
6,17;30,00;28,740234;;;
6,18;30,00;28,828125;;;
6,18;30,00;28,828125;;;
6,18;30,00;28,916016;;;
6,18;30,00;29,003906;;;
6,18;30,00;29,003906;;;
6,18;30,00;29,091797;;;
6,19;30,00;29,179688;;;
6,19;30,00;29,179688;;;
6,19;30,00;29,267578;;;
6,19;30,00;29,267578;;;
6,2;30,00;29,355469;;;
6,2;30,00;29,355469;;;
6,2;30,00;29,443359;;;
6,2;30,00;29,53125;;;
6,2;30,00;29,53125;;;
6,21;30,00;29,619141;;;
6,21;30,00;29,619141;;;
6,21;30,00;29,707031;;;
6,21;30,00;29,794922;;;
6,21;30,00;29,794922;;;
6,21;30,00;29,882813;;;
6,22;30,00;29,882813;;;
6,22;30,00;29,970703;;;
6,22;30,00;29,970703;;;
6,22;30,00;30,058594;;;
6,22;30,00;30,058594;;;
6,23;30,00;30,146484;;;
6,23;30,00;30,234375;;;
6,23;30,00;30,234375;;;
6,23;30,00;30,322266;;;
6,23;30,00;30,322266;;;
6,24;30,00;30,410156;;;
6,24;30,00;30,410156;;;
6,24;30,00;30,498047;;;
6,24;30,00;30,498047;;;
6,24;30,00;30,585938;;;
6,25;30,00;30,585938;;;
6,25;30,00;30,673828;;;
6,25;30,00;30,673828;;;
6,25;30,00;30,761719;;;
6,25;30,00;30,761719;;;
6,26;30,00;30,849609;;;
6,26;30,00;30,849609;;;
6,26;30,00;30,849609;;;
6,26;30,00;30,9375;;;
6,26;30,00;31,025391;;;
6,26;30,00;31,025391;;;
6,27;30,00;31,113281;;;
6,27;30,00;31,113281;;;
6,27;30,00;31,113281;;;
6,27;30,00;31,201172;;;
6,28;30,00;31,201172;;;
6,28;30,00;31,201172;;;
6,28;30,00;31,289063;;;
6,28;30,00;31,289063;;;
6,28;30,00;31,376953;;;
6,28;30,00;31,376953;;;
6,29;30,00;31,464844;;;
6,29;30,00;31,464844;;;
6,29;30,00;31,552734;;;
6,29;30,00;31,552734;;;
6,29;30,00;31,552734;;;
6,3;30,00;31,640625;;;
6,3;30,00;31,640625;;;
6,3;30,00;31,728516;;;
6,3;30,00;31,728516;;;
6,3;30,00;31,728516;;;
6,31;30,00;31,816406;;;
6,31;30,00;31,816406;;;
6,31;30,00;31,816406;;;
6,31;30,00;31,904297;;;
6,31;30,00;31,904297;;;
6,32;30,00;31,904297;;;
6,32;30,00;31,992188;;;
6,32;30,00;31,992188;;;
6,32;30,00;31,992188;;;
6,32;30,00;32,080078;;;
6,33;30,00;32,080078;;;
6,33;30,00;32,080078;;;
6,33;30,00;32,167969;;;
6,33;30,00;32,167969;;;
6,33;30,00;32,167969;;;
6,34;30,00;32,255859;;;
6,34;30,00;32,255859;;;
6,34;30,00;32,255859;;;
6,34;30,00;32,34375;;;
6,34;30,00;32,34375;;;
6,34;30,00;32,34375;;;
6,35;30,00;32,34375;;;
6,35;30,00;32,34375;;;
6,35;30,00;32,431641;;;
6,35;30,00;32,431641;;;
6,36;30,00;32,431641;;;
6,36;30,00;32,519531;;;
6,36;30,00;32,519531;;;
6,36;30,00;32,519531;;;
6,36;30,00;32,607422;;;
6,36;30,00;32,607422;;;
6,37;30,00;32,607422;;;
6,37;30,00;32,607422;;;
6,37;30,00;32,607422;;;
6,37;30,00;32,695313;;;
6,38;30,00;32,695313;;;
6,38;30,00;32,695313;;;
6,38;30,00;32,695313;;;
6,38;30,00;32,695313;;;
6,38;30,00;32,783203;;;
6,38;30,00;32,783203;;;
6,39;30,00;32,783203;;;
6,39;30,00;32,783203;;;
6,39;30,00;32,783203;;;
6,39;30,00;32,871094;;;
6,39;30,00;32,871094;;;
6,4;30,00;32,871094;;;
6,4;30,00;32,871094;;;
6,4;30,00;32,871094;;;
6,4;30,00;32,871094;;;
6,4;30,00;32,958984;;;
6,41;30,00;32,958984;;;
6,41;30,00;32,958984;;;
6,41;30,00;32,958984;;;
6,41;30,00;32,958984;;;
6,41;30,00;32,958984;;;
6,42;30,00;32,958984;;;
6,42;30,00;33,046875;;;
6,42;30,00;32,958984;;;
6,42;30,00;33,046875;;;
6,42;30,00;33,046875;;;
6,43;30,00;33,046875;;;
6,43;30,00;33,046875;;;
6,43;30,00;33,046875;;;
6,43;30,00;33,046875;;;
6,43;30,00;33,046875;;;
6,44;30,00;33,046875;;;
6,44;30,00;33,046875;;;
6,44;30,00;33,046875;;;
6,44;30,00;33,134766;;;
6,44;30,00;33,134766;;;
6,45;30,00;33,046875;;;
6,45;30,00;33,134766;;;
6,45;30,00;33,134766;;;
6,45;30,00;33,134766;;;
6,45;30,00;33,134766;;;
6,46;30,00;33,134766;;;
6,46;30,00;33,134766;;;
6,46;30,00;33,134766;;;
6,46;30,00;33,134766;;;
6,46;30,00;33,134766;;;
6,46;30,00;33,134766;;;
6,47;30,00;33,134766;;;
6,47;30,00;33,134766;;;
6,47;30,00;33,134766;;;
6,47;30,00;33,134766;;;
6,47;30,00;33,046875;;;
6,48;30,00;33,134766;;;
6,48;30,00;33,046875;;;
6,48;30,00;33,134766;;;
6,48;30,00;33,046875;;;
6,48;30,00;33,046875;;;
6,49;30,00;33,046875;;;
6,49;30,00;33,046875;;;
6,49;30,00;33,046875;;;
6,49;30,00;33,046875;;;
6,49;30,00;33,046875;;;
6,5;30,00;33,046875;;;
6,5;30,00;33,046875;;;
6,5;30,00;33,046875;;;
6,5;30,00;33,046875;;;
6,5;30,00;33,046875;;;
6,51;30,00;33,046875;;;
6,51;30,00;33,046875;;;
6,51;30,00;33,046875;;;
6,51;30,00;32,958984;;;
6,51;30,00;32,958984;;;
6,51;30,00;32,958984;;;
6,52;30,00;32,958984;;;
6,52;30,00;32,958984;;;
6,52;30,00;32,958984;;;
6,52;30,00;32,958984;;;
6,53;30,00;32,958984;;;
6,53;30,00;32,958984;;;
6,53;30,00;32,871094;;;
6,53;30,00;32,958984;;;
6,53;30,00;32,871094;;;
6,53;30,00;32,871094;;;
6,54;30,00;32,871094;;;
6,54;30,00;32,871094;;;
6,54;30,00;32,871094;;;
6,54;30,00;32,871094;;;
6,55;30,00;32,871094;;;
6,55;30,00;32,783203;;;
6,55;30,00;32,783203;;;
6,55;30,00;32,783203;;;
6,55;30,00;32,783203;;;
6,55;30,00;32,783203;;;
6,56;30,00;32,783203;;;
6,56;30,00;32,783203;;;
6,56;30,00;32,783203;;;
6,56;30,00;32,783203;;;
6,56;30,00;32,695313;;;
6,57;30,00;32,695313;;;
6,57;30,00;32,695313;;;
6,57;30,00;32,695313;;;
6,57;30,00;32,695313;;;
6,57;30,00;32,695313;;;
6,58;30,00;32,695313;;;
6,58;30,00;32,695313;;;
6,58;30,00;32,607422;;;
6,58;30,00;32,607422;;;
6,58;30,00;32,607422;;;
6,59;30,00;32,607422;;;
6,59;30,00;32,607422;;;
6,59;30,00;32,607422;;;
6,59;30,00;32,607422;;;
6,59;30,00;32,519531;;;
6,59;30,00;32,519531;;;
6,6;30,00;32,519531;;;
6,6;30,00;32,519531;;;
6,6;30,00;32,519531;;;
6,6;30,00;32,519531;;;
6,61;30,00;32,519531;;;
6,61;30,00;32,519531;;;
6,61;30,00;32,519531;;;
6,61;30,00;32,431641;;;
6,61;30,00;32,431641;;;
6,61;30,00;32,431641;;;
6,62;30,00;32,431641;;;
6,62;30,00;32,431641;;;
6,62;30,00;32,431641;;;
6,62;30,00;32,431641;;;
6,63;30,00;32,34375;;;
6,63;30,00;32,34375;;;
6,63;30,00;32,34375;;;
6,63;30,00;32,34375;;;
6,63;30,00;32,34375;;;
6,64;30,00;32,34375;;;
6,64;30,00;32,34375;;;
6,64;30,00;32,34375;;;
6,64;30,00;32,34375;;;
6,64;30,00;32,34375;;;
6,64;30,00;32,34375;;;
6,65;30,00;32,255859;;;
6,65;30,00;32,255859;;;
6,65;30,00;32,255859;;;
6,65;30,00;32,255859;;;
6,65;30,00;32,255859;;;
6,66;30,00;32,255859;;;
6,66;30,00;32,255859;;;
6,66;30,00;32,255859;;;
6,66;30,00;32,167969;;;
6,66;30,00;32,167969;;;
6,67;30,00;32,167969;;;
6,67;30,00;32,167969;;;
6,67;30,00;32,167969;;;
6,67;30,00;32,167969;;;
6,67;30,00;32,167969;;;
6,68;30,00;32,167969;;;
6,68;30,00;32,167969;;;
6,68;30,00;32,167969;;;
6,68;30,00;32,080078;;;
6,68;30,00;32,080078;;;
6,69;30,00;32,080078;;;
6,69;30,00;32,080078;;;
6,69;30,00;32,080078;;;
6,69;30,00;32,080078;;;
6,69;30,00;32,080078;;;
6,7;30,00;32,080078;;;
6,7;30,00;32,080078;;;
6,7;30,00;32,080078;;;
6,7;30,00;31,992188;;;
6,7;30,00;31,992188;;;
6,71;30,00;31,992188;;;
6,71;30,00;31,992188;;;
6,71;30,00;31,992188;;;
6,71;30,00;31,992188;;;
6,71;30,00;31,992188;;;
6,72;30,00;31,992188;;;
6,72;30,00;31,992188;;;
6,72;30,00;31,992188;;;
6,72;30,00;31,904297;;;
6,72;30,00;31,904297;;;
6,72;30,00;31,904297;;;
6,73;30,00;31,904297;;;
6,73;30,00;31,904297;;;
6,73;30,00;31,904297;;;
6,73;30,00;31,904297;;;
6,73;30,00;31,904297;;;
6,74;30,00;31,904297;;;
6,74;30,00;31,904297;;;
6,74;30,00;31,904297;;;
6,74;30,00;31,904297;;;
6,74;30,00;31,904297;;;
6,75;30,00;31,904297;;;
6,75;30,00;31,904297;;;
6,75;30,00;31,816406;;;
6,75;30,00;31,816406;;;
6,75;30,00;31,904297;;;
6,76;30,00;31,816406;;;
6,76;30,00;31,816406;;;
6,76;30,00;31,816406;;;
6,76;30,00;31,816406;;;
6,76;30,00;31,816406;;;
6,76;30,00;31,816406;;;
6,77;30,00;31,816406;;;
6,77;30,00;31,816406;;;
6,77;30,00;31,816406;;;
6,77;30,00;31,816406;;;
6,78;30,00;31,816406;;;
6,78;30,00;31,816406;;;
6,78;30,00;31,816406;;;
6,78;30,00;31,816406;;;
6,78;30,00;31,816406;;;
6,79;30,00;31,816406;;;
6,79;30,00;31,816406;;;
6,79;30,00;31,816406;;;
6,79;30,00;31,816406;;;
6,79;30,00;31,816406;;;
6,8;30,00;31,816406;;;
6,8;30,00;31,816406;;;
6,8;30,00;31,816406;;;
6,8;30,00;31,816406;;;
6,8;30,00;31,816406;;;
6,8;30,00;31,816406;;;
6,81;30,00;31,816406;;;
6,81;30,00;31,816406;;;
6,81;30,00;31,816406;;;
6,81;30,00;31,816406;;;
6,81;30,00;31,816406;;;
6,82;30,00;31,816406;;;
6,82;30,00;31,816406;;;
6,82;30,00;31,816406;;;
6,82;30,00;31,816406;;;
6,82;30,00;31,816406;;;
6,83;30,00;31,816406;;;
6,83;30,00;31,816406;;;
6,83;30,00;31,816406;;;
6,83;30,00;31,816406;;;
6,83;30,00;31,816406;;;
6,84;30,00;31,816406;;;
6,84;30,00;31,816406;;;
6,84;30,00;31,816406;;;
6,84;30,00;31,816406;;;
6,84;30,00;31,816406;;;
6,85;30,00;31,816406;;;
6,85;30,00;31,816406;;;
6,85;30,00;31,816406;;;
6,85;30,00;31,816406;;;
6,85;30,00;31,816406;;;
6,86;30,00;31,816406;;;
6,86;30,00;31,816406;;;
6,86;30,00;31,816406;;;
6,86;30,00;31,816406;;;
6,86;30,00;31,816406;;;
6,86;30,00;31,816406;;;
6,87;30,00;31,816406;;;
6,87;30,00;31,816406;;;
6,87;30,00;31,816406;;;
6,87;30,00;31,816406;;;
6,88;30,00;31,816406;;;
6,88;30,00;31,816406;;;
6,88;30,00;31,816406;;;
6,88;30,00;31,816406;;;
6,88;30,00;31,904297;;;
6,89;30,00;31,816406;;;
6,89;30,00;31,904297;;;
6,89;30,00;31,904297;;;
6,89;30,00;31,904297;;;
6,89;30,00;31,904297;;;
6,89;30,00;31,904297;;;
6,9;30,00;31,904297;;;
6,9;30,00;31,904297;;;
6,9;30,00;31,904297;;;
6,9;30,00;31,904297;;;
6,9;30,00;31,904297;;;
6,91;30,00;31,904297;;;
6,91;30,00;31,904297;;;
6,91;30,00;31,904297;;;
6,91;30,00;31,904297;;;
6,92;30,00;31,904297;;;
6,92;30,00;31,904297;;;
6,92;30,00;31,904297;;;
6,92;30,00;31,904297;;;
6,92;30,00;31,904297;;;
6,92;30,00;31,904297;;;
6,93;30,00;31,904297;;;
6,93;30,00;31,904297;;;
6,93;30,00;31,904297;;;
6,93;30,00;31,904297;;;
6,93;30,00;31,904297;;;
6,94;30,00;31,904297;;;
6,94;30,00;31,904297;;;
6,94;30,00;31,904297;;;
6,94;30,00;31,904297;;;
6,94;30,00;31,904297;;;
6,95;30,00;31,904297;;;
6,95;30,00;31,904297;;;
6,95;30,00;31,904297;;;
6,95;30,00;31,904297;;;
6,95;30,00;31,904297;;;
6,96;30,00;31,904297;;;
6,96;30,00;31,904297;;;
6,96;30,00;31,904297;;;
6,96;30,00;31,904297;;;
6,96;30,00;31,904297;;;
6,97;30,00;31,992188;;;
6,97;30,00;31,904297;;;
6,97;30,00;31,992188;;;
6,97;30,00;31,992188;;;
6,97;30,00;31,992188;;;
6,98;30,00;31,992188;;;
6,98;30,00;31,992188;;;
6,98;30,00;31,992188;;;
6,98;30,00;31,992188;;;
6,98;30,00;31,992188;;;
6,98;30,00;31,992188;;;
6,99;30,00;31,992188;;;
6,99;30,00;31,992188;;;
6,99;30,00;31,992188;;;
6,99;30,00;31,992188;;;
6,99;30,00;31,992188;;;
7;30,00;31,992188;;;
7;30,00;31,992188;;;
7;5;31,992188;;;
7;5;31,992188;;;
7;5;31,992188;;;
7,01;5;31,992188;;;
7,01;5;31,992188;;;
7,01;5;31,992188;;;
7,01;5;31,992188;;;
7,01;5;31,992188;;;
7,01;5;31,992188;;;
7,02;5;31,992188;;;
7,02;5;31,904297;;;
7,02;5;31,904297;;;
7,02;5;31,904297;;;
7,02;5;31,904297;;;
7,03;5;31,904297;;;
7,03;5;31,904297;;;
7,03;5;31,816406;;;
7,03;5;31,816406;;;
7,03;5;31,816406;;;
7,03;5;31,728516;;;
7,04;5;31,728516;;;
7,04;5;31,728516;;;
7,04;5;31,640625;;;
7,04;5;31,640625;;;
7,05;5;31,552734;;;
7,05;5;31,464844;;;
7,05;5;31,464844;;;
7,05;5;31,376953;;;
7,05;5;31,289063;;;
7,05;5;31,289063;;;
7,06;5;31,201172;;;
7,06;5;31,113281;;;
7,06;5;31,025391;;;
7,06;5;31,025391;;;
7,06;5;30,849609;;;
7,07;5;30,761719;;;
7,07;5;30,673828;;;
7,07;5;30,585938;;;
7,07;5;30,498047;;;
7,07;5;30,410156;;;
7,07;5;30,322266;;;
7,08;5;30,146484;;;
7,08;5;30,058594;;;
7,08;5;29,882813;;;
7,08;5;29,794922;;;
7,09;5;29,707031;;;
7,09;5;29,53125;;;
7,09;5;29,443359;;;
7,09;5;29,267578;;;
7,09;5;29,091797;;;
7,09;5;29,003906;;;
7,1;5;28,828125;;;
7,1;5;28,652344;;;
7,1;5;28,476563;;;
7,1;5;28,300781;;;
7,1;5;28,125;;;
7,11;5;27,949219;;;
7,11;5;27,773438;;;
7,11;5;27,509766;;;
7,11;5;27,421875;;;
7,11;5;27,158203;;;
7,11;5;26,982422;;;
7,12;5;26,806641;;;
7,12;5;26,542969;;;
7,12;5;26,279297;;;
7,12;5;26,103516;;;
7,12;5;25,839844;;;
7,13;5;25,664063;;;
7,13;5;25,400391;;;
7,13;5;25,136719;;;
7,13;5;24,873047;;;
7,13;5;24,697266;;;
7,14;5;24,433594;;;
7,14;5;24,169922;;;
7,14;5;23,90625;;;
7,14;5;23,642578;;;
7,14;5;23,378906;;;
7,14;5;23,115234;;;
7,15;5;22,851563;;;
7,15;5;22,5;;;
7,15;5;22,236328;;;
7,15;5;21,972656;;;
7,15;5;21,621094;;;
7,16;5;21,357422;;;
7,16;5;21,005859;;;
7,16;5;20,742188;;;
7,16;5;20,478516;;;
7,16;5;20,126953;;;
7,16;5;19,775391;;;
7,17;5;19,511719;;;
7,17;5;19,160156;;;
7,17;5;18,808594;;;
7,17;5;18,457031;;;
7,17;5;18,193359;;;
7,18;5;17,841797;;;
7,18;5;17,490234;;;
7,18;5;17,138672;;;
7,18;5;16,787109;;;
7,18;5;16,435547;;;
7,19;5;16,083984;;;
7,19;5;15,820313;;;
7,19;5;15,380859;;;
7,19;5;15,029297;;;
7,19;5;14,677734;;;
7,19;5;14,326172;;;
7,2;5;13,974609;;;
7,2;5;13,535156;;;
7,2;5;13,183594;;;
7,2;5;12,832031;;;
7,2;5;12,392578;;;
7,21;5;12,041016;;;
7,21;5;11,689453;;;
7,21;5;11,25;;;
7,21;5;10,898438;;;
7,21;5;10,546875;;;
7,22;5;10,107422;;;
7,22;5;9,7558594;;;
7,22;5;9,4042969;;;
7,22;5;8,9648438;;;
7,22;5;8,6132813;;;
7,22;5;8,2617188;;;
7,23;5;7,8222656;;;
7,23;5;7,4707031;;;
7,23;5;7,03125;;;
7,23;5;6,6796875;;;
7,23;5;6,2402344;;;
7,24;5;5,8886719;;;
7,24;5;5,4492188;;;
7,24;5;5,0976563;;;
7,24;5;4,7460938;;;
7,24;5;4,3066406;;;
7,24;5;3,9550781;;;
7,25;5;3,515625;;;
7,25;5;3,1640625;;;
7,25;5;2,7246094;;;
7,25;5;2,3730469;;;
7,25;5;1,9335938;;;
7,26;5;1,5820313;;;
7,26;5;1,1425781;;;
7,26;5;0,79101563;;;
7,26;5;0,3515625;;;
7,26;5;0;;;
7,26;5;-0,43945313;;;
7,27;5;-0,87890625;;;
7,27;5;-1,2304688;;;
7,27;5;-1,6699219;;;
7,27;5;-2,109375;;;
7,27;5;-2,5488281;;;
7,28;5;-2,9003906;;;
7,28;5;-3,3398438;;;
7,28;5;-3,7792969;;;
7,28;5;-4,21875;;;
7,28;5;-4,5703125;;;
7,28;5;-5,0097656;;;
7,29;5;-5,3613281;;;
7,29;5;-5,8007813;;;
7,29;5;-6,2402344;;;
7,29;5;-6,5917969;;;
7,29;5;-7,03125;;;
7,3;5;-7,3828125;;;
7,3;5;-7,8222656;;;
7,3;5;-8,1738281;;;
7,3;5;-8,6132813;;;
7,3;5;-8,9648438;;;
7,3;5;-9,3164063;;;
7,31;5;-9,7558594;;;
7,31;5;-10,107422;;;
7,31;5;-10,546875;;;
7,31;5;-10,898438;;;
7,31;5;-11,25;;;
7,32;5;-11,689453;;;
7,32;5;-12,041016;;;
7,32;5;-12,392578;;;
7,32;5;-12,744141;;;
7,32;5;-13,183594;;;
7,33;5;-13,535156;;;
7,33;5;-13,886719;;;
7,33;5;-14,238281;;;
7,33;5;-14,589844;;;
7,33;5;-14,941406;;;
7,34;5;-15,292969;;;
7,34;5;-15,644531;;;
7,34;5;-15,908203;;;
7,34;5;-16,259766;;;
7,34;5;-16,611328;;;
7,35;5;-16,875;;;
7,35;5;-17,226563;;;
7,35;5;-17,490234;;;
7,35;5;-17,841797;;;
7,35;5;-18,105469;;;
7,36;5;-18,369141;;;
7,36;5;-18,720703;;;
7,36;5;-18,984375;;;
7,36;5;-19,248047;;;
7,36;5;-19,511719;;;
7,36;5;-19,775391;;;
7,37;5;-20,039063;;;
7,37;5;-20,302734;;;
7,37;5;-20,566406;;;
7,37;5;-20,830078;;;
7,37;5;-21,005859;;;
7,38;5;-21,269531;;;
7,38;5;-21,533203;;;
7,38;5;-21,708984;;;
7,38;5;-21,972656;;;
7,39;5;-22,148438;;;
7,39;5;-22,412109;;;
7,39;5;-22,587891;;;
7,39;5;-22,763672;;;
7,39;5;-22,939453;;;
7,4;5;-23,115234;;;
7,4;5;-23,291016;;;
7,4;5;-23,466797;;;
7,4;5;-23,642578;;;
7,4;5;-23,818359;;;
7,4;5;-23,994141;;;
7,41;5;-24,082031;;;
7,41;5;-24,257813;;;
7,41;5;-24,345703;;;
7,41;5;-24,521484;;;
7,41;5;-24,609375;;;
7,42;5;-24,785156;;;
7,42;5;-24,873047;;;
7,42;5;-24,960938;;;
7,42;5;-25,048828;;;
7,42;5;-25,136719;;;
7,43;5;-25,224609;;;
7,43;5;-25,3125;;;
7,43;5;-25,400391;;;
7,43;5;-25,488281;;;
7,43;5;-25,488281;;;
7,44;5;-25,576172;;;
7,44;5;-25,664063;;;
7,44;5;-25,664063;;;
7,44;5;-25,751953;;;
7,44;5;-25,751953;;;
7,45;5;-25,839844;;;
7,45;5;-25,839844;;;
7,45;5;-25,839844;;;
7,45;5;-25,839844;;;
7,45;5;-25,839844;;;
7,46;5;-25,839844;;;
7,46;5;-25,839844;;;
7,46;5;-25,839844;;;
7,46;5;-25,839844;;;
7,46;5;-25,839844;;;
7,46;5;-25,751953;;;
7,47;5;-25,751953;;;
7,47;5;-25,664063;;;
7,47;5;-25,664063;;;
7,47;5;-25,576172;;;
7,48;5;-25,576172;;;
7,48;5;-25,488281;;;
7,48;5;-25,400391;;;
7,48;5;-25,400391;;;
7,48;5;-25,3125;;;
7,48;5;-25,224609;;;
7,49;5;-25,136719;;;
7,49;5;-25,048828;;;
7,49;5;-24,960938;;;
7,49;5;-24,873047;;;
7,49;5;-24,697266;;;
7,5;5;-24,609375;;;
7,5;5;-24,521484;;;
7,5;5;-24,345703;;;
7,5;5;-24,257813;;;
7,5;5;-24,082031;;;
7,51;5;-23,994141;;;
7,51;5;-23,818359;;;
7,51;5;-23,730469;;;
7,51;5;-23,554688;;;
7,51;5;-23,466797;;;
7,52;5;-23,291016;;;
7,52;5;-23,115234;;;
7,52;5;-22,939453;;;
7,52;5;-22,763672;;;
7,52;5;-22,587891;;;
7,53;5;-22,412109;;;
7,53;5;-22,236328;;;
7,53;5;-22,060547;;;
7,53;5;-21,884766;;;
7,53;5;-21,708984;;;
7,53;5;-21,445313;;;
7,54;5;-21,269531;;;
7,54;5;-21,09375;;;
7,54;5;-20,917969;;;
7,54;5;-20,654297;;;
7,55;5;-20,478516;;;
7,55;5;-20,214844;;;
7,55;5;-20,039063;;;
7,55;5;-19,775391;;;
7,55;5;-19,599609;;;
7,55;5;-19,335938;;;
7,56;5;-19,160156;;;
7,56;5;-18,896484;;;
7,56;5;-18,632813;;;
7,56;5;-18,369141;;;
7,57;5;-18,105469;;;
7,57;5;-17,929688;;;
7,57;5;-17,666016;;;
7,57;5;-17,402344;;;
7,57;5;-17,138672;;;
7,57;5;-16,875;;;
7,58;5;-16,611328;;;
7,58;5;-16,347656;;;
